date,city,precipitation
2020-01-01,Seattle,0.13799999999999998
2020-01-02,Seattle,0.29000000000000004
2020-01-03,Seattle,0.276
2020-01-04,Seattle,0.125
2020-01-05,Seattle,0.1875
2020-01-06,Seattle,0.17
2020-01-07,Seattle,0.44333333333333336
2020-01-08,Seattle,0.044
2020-01-09,Seattle,0.03333333333333333
2020-01-10,Seattle,0.18500000000000003
2020-01-11,Seattle,0.37166666666666665
2020-01-12,Seattle,0.414
2020-01-13,Seattle,0.252
2020-01-14,Seattle,0.15599999999999997
2020-01-15,Seattle,0.026000000000000002
2020-01-16,Seattle,0.054000000000000006
2020-01-17,Seattle,0.01
2020-01-18,Seattle,0.49500000000000005
2020-01-19,Seattle,0.055999999999999994
2020-01-20,Seattle,0.042
2020-01-21,Seattle,0.298
2020-01-22,Seattle,0.6060000000000001
2020-01-23,Seattle,0.5283333333333333
2020-01-24,Seattle,0.8416666666666667
2020-01-25,Seattle,0.252
2020-01-26,Seattle,0.3
2020-01-27,Seattle,0.19166666666666665
2020-01-28,Seattle,0.9466666666666667
2020-01-29,Seattle,0.17
2020-01-30,Seattle,0.25833333333333336
2020-01-31,Seattle,0.31
2020-02-01,Seattle,1.22
2020-02-02,Seattle,0.10800000000000001
2020-02-03,Seattle,0.052000000000000005
2020-02-04,Seattle,0.005
2020-02-05,Seattle,0.6733333333333333
2020-02-06,Seattle,1.2566666666666666
2020-02-07,Seattle,0.49333333333333335
2020-02-08,Seattle,0.16333333333333333
2020-02-09,Seattle,0.02
2020-02-10,Seattle,0.002
2020-02-11,Seattle,0.0025
2020-02-12,Seattle,0.025
2020-02-13,Seattle,0.0033333333333333335
2020-02-14,Seattle,0.16666666666666666
2020-02-15,Seattle,0.085
2020-02-16,Seattle,0.145
2020-02-17,Seattle,0.03333333333333333
2020-02-18,Seattle,0.0
2020-02-19,Seattle,0.0
2020-02-20,Seattle,0.006666666666666667
2020-02-21,Seattle,0.0
2020-02-22,Seattle,0.023333333333333334
2020-02-23,Seattle,0.245
2020-02-24,Seattle,0.03666666666666667
2020-02-25,Seattle,0.0025
2020-02-26,Seattle,0.02
2020-02-27,Seattle,0.002
2020-02-28,Seattle,0.018
2020-02-29,Seattle,0.10200000000000001
2020-03-01,Seattle,0.025
2020-03-02,Seattle,0.022
2020-03-03,Seattle,0.186
2020-03-04,Seattle,0.0325
2020-03-05,Seattle,0.0675
2020-03-06,Seattle,0.6875
2020-03-07,Seattle,0.08
2020-03-08,Seattle,0.12
2020-03-09,Seattle,0.013333333333333334
2020-03-10,Seattle,0.0
2020-03-11,Seattle,0.05
2020-03-12,Seattle,0.03
2020-03-13,Seattle,0.16
2020-03-14,Seattle,0.22199999999999998
2020-03-15,Seattle,0.0
2020-03-16,Seattle,0.0
2020-03-17,Seattle,0.0
2020-03-18,Seattle,0.0
2020-03-19,Seattle,0.0
2020-03-20,Seattle,0.0
2020-03-21,Seattle,0.0
2020-03-22,Seattle,0.0
2020-03-23,Seattle,0.025
2020-03-24,Seattle,0.018
2020-03-25,Seattle,0.445
2020-03-26,Seattle,0.0625
2020-03-27,Seattle,0.02
2020-03-28,Seattle,0.08166666666666668
2020-03-29,Seattle,0.6383333333333333
2020-03-30,Seattle,0.375
2020-03-31,Seattle,0.20400000000000001
2020-04-01,Seattle,0.178
2020-04-02,Seattle,0.0225
2020-04-03,Seattle,0.012
2020-04-04,Seattle,0.076
2020-04-05,Seattle,0.006666666666666667
2020-04-06,Seattle,0.0
2020-04-07,Seattle,0.0
2020-04-08,Seattle,0.0
2020-04-09,Seattle,0.0
2020-04-10,Seattle,0.0
2020-04-11,Seattle,0.0016666666666666668
2020-04-12,Seattle,0.0
2020-04-13,Seattle,0.0
2020-04-14,Seattle,0.0
2020-04-15,Seattle,0.0
2020-04-16,Seattle,0.0
2020-04-17,Seattle,0.0
2020-04-18,Seattle,0.10600000000000001
2020-04-19,Seattle,0.18166666666666667
2020-04-20,Seattle,0.0
2020-04-21,Seattle,0.0
2020-04-22,Seattle,0.1625
2020-04-23,Seattle,0.666
2020-04-24,Seattle,0.10600000000000001
2020-04-25,Seattle,0.21333333333333335
2020-04-26,Seattle,0.174
2020-04-27,Seattle,0.198
2020-04-28,Seattle,0.0025
2020-04-29,Seattle,0.0175
2020-04-30,Seattle,0.025
2020-05-01,Seattle,0.002
2020-05-02,Seattle,0.098
2020-05-03,Seattle,0.24
2020-05-04,Seattle,0.0275
2020-05-05,Seattle,0.0
2020-05-06,Seattle,0.03
2020-05-07,Seattle,0.0275
2020-05-08,Seattle,0.0
2020-05-09,Seattle,0.0
2020-05-10,Seattle,0.0
2020-05-11,Seattle,0.0033333333333333335
2020-05-12,Seattle,0.11499999999999999
2020-05-13,Seattle,0.015
2020-05-14,Seattle,0.055
2020-05-15,Seattle,0.12
2020-05-16,Seattle,0.19666666666666668
2020-05-17,Seattle,0.49400000000000005
2020-05-18,Seattle,0.01
2020-05-19,Seattle,0.0
2020-05-20,Seattle,0.0
2020-05-21,Seattle,0.46749999999999997
2020-05-22,Seattle,0.1
2020-05-23,Seattle,0.26333333333333336
2020-05-24,Seattle,0.0
2020-05-25,Seattle,0.0775
2020-05-26,Seattle,0.1
2020-05-27,Seattle,0.02666666666666667
2020-05-28,Seattle,0.0
2020-05-29,Seattle,0.0
2020-05-30,Seattle,0.0
2020-05-31,Seattle,0.9720000000000001
2020-06-01,Seattle,0.082
2020-06-02,Seattle,0.0
2020-06-03,Seattle,0.016666666666666666
2020-06-04,Seattle,0.0
2020-06-05,Seattle,0.0
2020-06-06,Seattle,0.0
2020-06-07,Seattle,0.17250000000000001
2020-06-08,Seattle,0.055
2020-06-09,Seattle,0.18
2020-06-10,Seattle,0.1225
2020-06-11,Seattle,0.055
2020-06-12,Seattle,0.15500000000000003
2020-06-13,Seattle,0.1875
2020-06-14,Seattle,0.245
2020-06-15,Seattle,0.10333333333333333
2020-06-16,Seattle,0.10200000000000001
2020-06-17,Seattle,0.0025
2020-06-18,Seattle,0.0
2020-06-19,Seattle,0.0
2020-06-20,Seattle,0.023333333333333334
2020-06-21,Seattle,0.054000000000000006
2020-06-22,Seattle,0.0
2020-06-23,Seattle,0.0
2020-06-24,Seattle,0.0
2020-06-25,Seattle,0.0
2020-06-26,Seattle,0.0
2020-06-27,Seattle,0.19000000000000003
2020-06-28,Seattle,0.645
2020-06-29,Seattle,0.01
2020-06-30,Seattle,0.0625
2020-07-01,Seattle,0.06666666666666667
2020-07-02,Seattle,0.013333333333333334
2020-07-03,Seattle,0.0075
2020-07-04,Seattle,0.0025
2020-07-05,Seattle,0.0
2020-07-06,Seattle,0.0
2020-07-07,Seattle,0.0
2020-07-08,Seattle,0.0
2020-07-09,Seattle,0.015000000000000001
2020-07-10,Seattle,0.01
2020-07-11,Seattle,0.0033333333333333335
2020-07-12,Seattle,0.05600000000000001
2020-07-13,Seattle,0.03333333333333333
2020-07-14,Seattle,0.0
2020-07-15,Seattle,0.0
2020-07-16,Seattle,0.0
2020-07-17,Seattle,0.05666666666666667
2020-07-18,Seattle,0.006666666666666667
2020-07-19,Seattle,0.0
2020-07-20,Seattle,0.0
2020-07-21,Seattle,0.0
2020-07-22,Seattle,0.03
2020-07-23,Seattle,0.006666666666666667
2020-07-24,Seattle,0.01
2020-07-25,Seattle,0.0
2020-07-26,Seattle,0.0
2020-07-27,Seattle,0.0
2020-07-28,Seattle,0.0
2020-07-29,Seattle,0.0
2020-07-30,Seattle,0.0
2020-07-31,Seattle,0.0
2020-08-01,Seattle,0.0
2020-08-02,Seattle,0.0
2020-08-03,Seattle,0.0
2020-08-04,Seattle,0.0
2020-08-05,Seattle,0.0
2020-08-06,Seattle,0.037500000000000006
2020-08-07,Seattle,0.20000000000000004
2020-08-08,Seattle,0.023333333333333334
2020-08-09,Seattle,0.03
2020-08-10,Seattle,0.0
2020-08-11,Seattle,0.0
2020-08-12,Seattle,0.0
2020-08-13,Seattle,0.0
2020-08-14,Seattle,0.0
2020-08-15,Seattle,0.0
2020-08-16,Seattle,0.0
2020-08-17,Seattle,0.0
2020-08-18,Seattle,0.0
2020-08-19,Seattle,0.0
2020-08-20,Seattle,0.0575
2020-08-21,Seattle,0.10250000000000001
2020-08-22,Seattle,0.05
2020-08-23,Seattle,0.0
2020-08-24,Seattle,0.0
2020-08-25,Seattle,0.0
2020-08-26,Seattle,0.0
2020-08-27,Seattle,0.0
2020-08-28,Seattle,0.0
2020-08-29,Seattle,0.0
2020-08-30,Seattle,0.0
2020-08-31,Seattle,0.030000000000000002
2020-09-01,Seattle,0.0
2020-09-02,Seattle,0.0
2020-09-03,Seattle,0.0
2020-09-04,Seattle,0.0
2020-09-05,Seattle,0.0
2020-09-06,Seattle,0.0
2020-09-07,Seattle,0.0
2020-09-08,Seattle,0.0
2020-09-09,Seattle,0.0
2020-09-10,Seattle,0.0
2020-09-11,Seattle,0.0
2020-09-12,Seattle,0.0
2020-09-13,Seattle,0.0
2020-09-14,Seattle,0.016666666666666666
2020-09-15,Seattle,0.08
2020-09-16,Seattle,0.015
2020-09-17,Seattle,0.0
2020-09-18,Seattle,0.0725
2020-09-19,Seattle,0.25333333333333335
2020-09-20,Seattle,0.37
2020-09-21,Seattle,0.05666666666666667
2020-09-22,Seattle,0.06
2020-09-23,Seattle,0.605
2020-09-24,Seattle,0.49
2020-09-25,Seattle,0.5025
2020-09-26,Seattle,0.44333333333333336
2020-09-27,Seattle,0.02
2020-09-28,Seattle,0.005
2020-09-29,Seattle,0.0
2020-09-30,Seattle,0.0
2020-10-01,Seattle,0.0
2020-10-02,Seattle,0.0
2020-10-03,Seattle,0.005
2020-10-04,Seattle,0.045
2020-10-05,Seattle,0.015
2020-10-06,Seattle,0.0
2020-10-07,Seattle,0.0
2020-10-08,Seattle,0.015
2020-10-09,Seattle,0.26
2020-10-10,Seattle,0.925
2020-10-11,Seattle,0.1825
2020-10-12,Seattle,0.4225
2020-10-13,Seattle,0.5525
2020-10-14,Seattle,0.0175
2020-10-15,Seattle,0.0
2020-10-16,Seattle,0.0175
2020-10-17,Seattle,0.176
2020-10-18,Seattle,0.030000000000000002
2020-10-19,Seattle,0.068
2020-10-20,Seattle,0.2375
2020-10-21,Seattle,0.074
2020-10-22,Seattle,0.22666666666666666
2020-10-23,Seattle,0.05
2020-10-24,Seattle,0.076
2020-10-25,Seattle,0.006666666666666667
2020-10-26,Seattle,0.0025
2020-10-27,Seattle,0.0
2020-10-28,Seattle,0.0
2020-10-29,Seattle,0.02
2020-10-30,Seattle,0.02
2020-10-31,Seattle,0.0
2020-11-01,Seattle,0.0
2020-11-02,Seattle,0.0
2020-11-03,Seattle,0.252
2020-11-04,Seattle,0.612
2020-11-05,Seattle,0.20500000000000002
2020-11-06,Seattle,0.09999999999999999
2020-11-07,Seattle,0.0075
2020-11-08,Seattle,0.006666666666666667
2020-11-09,Seattle,0.02
2020-11-10,Seattle,0.095
2020-11-11,Seattle,0.02
2020-11-12,Seattle,0.0033333333333333335
2020-11-13,Seattle,0.7939999999999999
2020-11-14,Seattle,0.01
2020-11-15,Seattle,0.44
2020-11-16,Seattle,0.0225
2020-11-17,Seattle,0.725
2020-11-18,Seattle,0.772
2020-11-19,Seattle,0.236
2020-11-20,Seattle,0.042499999999999996
2020-11-21,Seattle,0.02
2020-11-22,Seattle,0.03
2020-11-23,Seattle,0.192
2020-11-24,Seattle,0.072
2020-11-25,Seattle,0.2375
2020-11-26,Seattle,0.0175
2020-11-27,Seattle,0.04666666666666667
2020-11-28,Seattle,0.0475
2020-11-29,Seattle,0.08249999999999999
2020-11-30,Seattle,0.43
2020-12-01,Seattle,0.0033333333333333335
2020-12-02,Seattle,0.0033333333333333335
2020-12-03,Seattle,0.0
2020-12-04,Seattle,0.0
2020-12-05,Seattle,0.0
2020-12-06,Seattle,0.0225
2020-12-07,Seattle,0.0025
2020-12-08,Seattle,0.225
2020-12-09,Seattle,0.4475
2020-12-10,Seattle,0.016666666666666666
2020-12-11,Seattle,0.0175
2020-12-12,Seattle,0.0
2020-12-13,Seattle,0.09
2020-12-14,Seattle,0.1575
2020-12-15,Seattle,0.26999999999999996
2020-12-16,Seattle,0.0625
2020-12-17,Seattle,0.42000000000000004
2020-12-18,Seattle,0.1925
2020-12-19,Seattle,0.322
2020-12-20,Seattle,0.286
2020-12-21,Seattle,0.8
2020-12-22,Seattle,1.4649999999999999
2020-12-23,Seattle,0.0
2020-12-24,Seattle,0.0
2020-12-25,Seattle,0.09
2020-12-26,Seattle,0.42400000000000004
2020-12-27,Seattle,0.10250000000000001
2020-12-28,Seattle,0.08750000000000001
2020-12-29,Seattle,0.07333333333333333
2020-12-30,Seattle,0.572
2020-12-31,Seattle,0.405
2021-01-01,Seattle,0.18
2021-01-02,Seattle,0.622
2021-01-03,Seattle,1.326
2021-01-04,Seattle,0.592
2021-01-05,Seattle,0.404
2021-01-06,Seattle,0.8025
2021-01-07,Seattle,0.0075
2021-01-08,Seattle,0.096
2021-01-09,Seattle,0.164
2021-01-10,Seattle,0.084
2021-01-11,Seattle,0.21800000000000003
2021-01-12,Seattle,1.865
2021-01-13,Seattle,0.868
2021-01-14,Seattle,0.014000000000000002
2021-01-15,Seattle,0.1875
2021-01-16,Seattle,0.013333333333333334
2021-01-17,Seattle,0.0325
2021-01-18,Seattle,0.0
2021-01-19,Seattle,0.0
2021-01-20,Seattle,0.0
2021-01-21,Seattle,0.036
2021-01-22,Seattle,0.01
2021-01-23,Seattle,0.0
2021-01-24,Seattle,0.13
2021-01-25,Seattle,0.155
2021-01-26,Seattle,0.01
2021-01-27,Seattle,0.1025
2021-01-28,Seattle,0.1725
2021-01-29,Seattle,0.136
2021-01-30,Seattle,0.14
2021-01-31,Seattle,0.21333333333333335
2021-02-01,Seattle,0.6433333333333333
2021-02-02,Seattle,0.7025
2021-02-03,Seattle,0.2925
2021-02-04,Seattle,0.01
2021-02-05,Seattle,0.155
2021-02-06,Seattle,0.03
2021-02-07,Seattle,0.03666666666666667
2021-02-08,Seattle,0.1
2021-02-09,Seattle,0.02
2021-02-10,Seattle,0.0
2021-02-11,Seattle,0.0
2021-02-12,Seattle,0.09000000000000001
2021-02-13,Seattle,0.57
2021-02-14,Seattle,0.3575
2021-02-15,Seattle,0.4775
2021-02-16,Seattle,0.0875
2021-02-17,Seattle,0.049999999999999996
2021-02-18,Seattle,0.03
2021-02-19,Seattle,0.09333333333333334
2021-02-20,Seattle,0.015
2021-02-21,Seattle,0.17
2021-02-22,Seattle,0.22666666666666666
2021-02-23,Seattle,0.255
2021-02-24,Seattle,0.08
2021-02-25,Seattle,0.16
2021-02-26,Seattle,0.0975
2021-02-27,Seattle,0.07750000000000001
2021-02-28,Seattle,0.0225
2021-03-01,Seattle,0.0
2021-03-02,Seattle,0.0025
2021-03-03,Seattle,0.01
2021-03-04,Seattle,0.15
2021-03-05,Seattle,0.33
2021-03-06,Seattle,0.06333333333333334
2021-03-07,Seattle,0.1366666666666667
2021-03-08,Seattle,0.145
2021-03-09,Seattle,0.0
2021-03-10,Seattle,0.005
2021-03-11,Seattle,0.0
2021-03-12,Seattle,0.0
2021-03-13,Seattle,0.0
2021-03-14,Seattle,0.09666666666666666
2021-03-15,Seattle,0.27
2021-03-16,Seattle,0.0
2021-03-17,Seattle,0.0
2021-03-18,Seattle,0.04666666666666667
2021-03-19,Seattle,0.195
2021-03-20,Seattle,0.19999999999999998
2021-03-21,Seattle,0.2233333333333333
2021-03-22,Seattle,0.2225
2021-03-23,Seattle,0.0675
2021-03-24,Seattle,0.0
2021-03-25,Seattle,0.5766666666666667
2021-03-26,Seattle,0.015
2021-03-27,Seattle,0.0
2021-03-28,Seattle,0.0
2021-03-29,Seattle,0.24000000000000002
2021-03-30,Seattle,0.0033333333333333335
2021-03-31,Seattle,0.0
2021-04-01,Seattle,0.0
2021-04-02,Seattle,0.0
2021-04-03,Seattle,0.0
2021-04-04,Seattle,0.043333333333333335
2021-04-05,Seattle,0.006666666666666667
2021-04-06,Seattle,0.0
2021-04-07,Seattle,0.0
2021-04-08,Seattle,0.135
2021-04-09,Seattle,0.0033333333333333335
2021-04-10,Seattle,0.03
2021-04-11,Seattle,0.0
2021-04-12,Seattle,0.0
2021-04-13,Seattle,0.0
2021-04-14,Seattle,0.0
2021-04-15,Seattle,0.0
2021-04-16,Seattle,0.0
2021-04-17,Seattle,0.0
2021-04-18,Seattle,0.0
2021-04-19,Seattle,0.0
2021-04-20,Seattle,0.0
2021-04-21,Seattle,0.0
2021-04-22,Seattle,0.0
2021-04-23,Seattle,0.0
2021-04-24,Seattle,0.22666666666666668
2021-04-25,Seattle,0.35000000000000003
2021-04-26,Seattle,0.06
2021-04-27,Seattle,0.005
2021-04-28,Seattle,0.0
2021-04-29,Seattle,0.0
2021-04-30,Seattle,0.07
2021-05-01,Seattle,0.015
2021-05-02,Seattle,0.013333333333333334
2021-05-03,Seattle,0.0
2021-05-04,Seattle,0.25666666666666665
2021-05-05,Seattle,0.0033333333333333335
2021-05-06,Seattle,0.0
2021-05-07,Seattle,0.0
2021-05-08,Seattle,0.22
2021-05-09,Seattle,0.0325
2021-05-10,Seattle,0.0
2021-05-11,Seattle,0.0
2021-05-12,Seattle,0.0
2021-05-13,Seattle,0.0
2021-05-14,Seattle,0.0
2021-05-15,Seattle,0.0
2021-05-16,Seattle,0.0
2021-05-17,Seattle,0.0175
2021-05-18,Seattle,0.07666666666666667
2021-05-19,Seattle,0.1875
2021-05-20,Seattle,0.0033333333333333335
2021-05-21,Seattle,0.0
2021-05-22,Seattle,0.0
2021-05-23,Seattle,0.0
2021-05-24,Seattle,0.07500000000000001
2021-05-25,Seattle,0.02
2021-05-26,Seattle,0.01
2021-05-27,Seattle,0.2325
2021-05-28,Seattle,0.10750000000000001
2021-05-29,Seattle,0.0
2021-05-30,Seattle,0.0
2021-05-31,Seattle,0.0
2021-06-01,Seattle,0.0
2021-06-02,Seattle,0.0
2021-06-03,Seattle,0.0
2021-06-04,Seattle,0.0
2021-06-05,Seattle,0.037500000000000006
2021-06-06,Seattle,0.0
2021-06-07,Seattle,0.535
2021-06-08,Seattle,0.005
2021-06-09,Seattle,0.0
2021-06-10,Seattle,0.0
2021-06-11,Seattle,0.15333333333333335
2021-06-12,Seattle,0.36999999999999994
2021-06-13,Seattle,0.43600000000000005
2021-06-14,Seattle,0.4175
2021-06-15,Seattle,0.0575
2021-06-16,Seattle,0.0
2021-06-17,Seattle,0.0
2021-06-18,Seattle,0.0
2021-06-19,Seattle,0.0
2021-06-20,Seattle,0.0
2021-06-21,Seattle,0.0
2021-06-22,Seattle,0.0
2021-06-23,Seattle,0.0
2021-06-24,Seattle,0.0
2021-06-25,Seattle,0.0
2021-06-26,Seattle,0.0
2021-06-27,Seattle,0.0
2021-06-28,Seattle,0.0
2021-06-29,Seattle,0.0
2021-06-30,Seattle,0.0
2021-07-01,Seattle,0.0
2021-07-02,Seattle,0.0
2021-07-03,Seattle,0.0
2021-07-04,Seattle,0.0
2021-07-05,Seattle,0.0
2021-07-06,Seattle,0.0
2021-07-07,Seattle,0.0
2021-07-08,Seattle,0.0
2021-07-09,Seattle,0.26666666666666666
2021-07-10,Seattle,0.0
2021-07-11,Seattle,0.0
2021-07-12,Seattle,0.0
2021-07-13,Seattle,0.0
2021-07-14,Seattle,0.0
2021-07-15,Seattle,0.0
2021-07-16,Seattle,0.0
2021-07-17,Seattle,0.0
2021-07-18,Seattle,0.0
2021-07-19,Seattle,0.0
2021-07-20,Seattle,0.030000000000000002
2021-07-21,Seattle,0.035
2021-07-22,Seattle,0.0
2021-07-23,Seattle,0.0
2021-07-24,Seattle,0.0
2021-07-25,Seattle,0.0
2021-07-26,Seattle,0.0
2021-07-27,Seattle,0.0
2021-07-28,Seattle,0.0
2021-07-29,Seattle,0.0
2021-07-30,Seattle,0.0
2021-07-31,Seattle,0.0
2021-08-01,Seattle,0.0
2021-08-02,Seattle,0.0
2021-08-03,Seattle,0.0
2021-08-04,Seattle,0.006666666666666667
2021-08-05,Seattle,0.0
2021-08-06,Seattle,0.056666666666666664
2021-08-07,Seattle,0.02333333333333333
2021-08-08,Seattle,0.03
2021-08-09,Seattle,0.0033333333333333335
2021-08-10,Seattle,0.0
2021-08-11,Seattle,0.0
2021-08-12,Seattle,0.0
2021-08-13,Seattle,0.0
2021-08-14,Seattle,0.0
2021-08-15,Seattle,0.0
2021-08-16,Seattle,0.0
2021-08-17,Seattle,0.0
2021-08-18,Seattle,0.0
2021-08-19,Seattle,0.0
2021-08-20,Seattle,0.0
2021-08-21,Seattle,0.0
2021-08-22,Seattle,0.0
2021-08-23,Seattle,0.0
2021-08-24,Seattle,0.0
2021-08-25,Seattle,0.0
2021-08-26,Seattle,0.0
2021-08-27,Seattle,0.0525
2021-08-28,Seattle,0.023333333333333334
2021-08-29,Seattle,0.0
2021-08-30,Seattle,0.0
2021-08-31,Seattle,0.006666666666666667
2021-09-01,Seattle,0.0
2021-09-02,Seattle,0.0
2021-09-03,Seattle,0.0
2021-09-04,Seattle,0.0
2021-09-05,Seattle,0.0
2021-09-06,Seattle,0.01
2021-09-07,Seattle,0.0
2021-09-08,Seattle,0.0033333333333333335
2021-09-09,Seattle,0.0
2021-09-10,Seattle,0.0
2021-09-11,Seattle,0.015
2021-09-12,Seattle,0.025
2021-09-13,Seattle,0.025
2021-09-14,Seattle,0.0
2021-09-15,Seattle,0.0325
2021-09-16,Seattle,0.0
2021-09-17,Seattle,0.142
2021-09-18,Seattle,0.8325
2021-09-19,Seattle,0.488
2021-09-20,Seattle,0.172
2021-09-21,Seattle,0.0
2021-09-22,Seattle,0.0125
2021-09-23,Seattle,0.0
2021-09-24,Seattle,0.0
2021-09-25,Seattle,0.0
2021-09-26,Seattle,0.16
2021-09-27,Seattle,0.75
2021-09-28,Seattle,0.34500000000000003
2021-09-29,Seattle,0.04
2021-09-30,Seattle,0.2875
2021-10-01,Seattle,0.19333333333333336
2021-10-02,Seattle,0.0
2021-10-03,Seattle,0.0175
2021-10-04,Seattle,0.016
2021-10-05,Seattle,0.16999999999999998
2021-10-06,Seattle,0.12
2021-10-07,Seattle,0.0
2021-10-08,Seattle,0.0
2021-10-09,Seattle,0.0125
2021-10-10,Seattle,0.3
2021-10-11,Seattle,0.184
2021-10-12,Seattle,0.0275
2021-10-13,Seattle,0.04
2021-10-14,Seattle,0.0475
2021-10-15,Seattle,0.025
2021-10-16,Seattle,0.015
2021-10-17,Seattle,0.0025
2021-10-18,Seattle,0.02666666666666667
2021-10-19,Seattle,0.0
2021-10-20,Seattle,0.1825
2021-10-21,Seattle,0.152
2021-10-22,Seattle,0.542
2021-10-23,Seattle,0.0275
2021-10-24,Seattle,0.138
2021-10-25,Seattle,0.2925
2021-10-26,Seattle,0.186
2021-10-27,Seattle,0.162
2021-10-28,Seattle,0.794
2021-10-29,Seattle,1.6019999999999999
2021-10-30,Seattle,0.044
2021-10-31,Seattle,0.0
2021-11-01,Seattle,0.035
2021-11-02,Seattle,0.13599999999999998
2021-11-03,Seattle,0.17
2021-11-04,Seattle,0.666
2021-11-05,Seattle,0.41
2021-11-06,Seattle,0.11199999999999999
2021-11-07,Seattle,0.626
2021-11-08,Seattle,0.188
2021-11-09,Seattle,0.362
2021-11-10,Seattle,0.2175
2021-11-11,Seattle,0.4275
2021-11-12,Seattle,0.9325000000000001
2021-11-13,Seattle,0.5225
2021-11-14,Seattle,0.5975
2021-11-15,Seattle,0.51
2021-11-16,Seattle,0.26749999999999996
2021-11-17,Seattle,0.006666666666666667
2021-11-18,Seattle,0.15
2021-11-19,Seattle,0.4325
2021-11-20,Seattle,0.06
2021-11-21,Seattle,0.0
2021-11-22,Seattle,0.025
2021-11-23,Seattle,0.6
2021-11-24,Seattle,0.02
2021-11-25,Seattle,0.355
2021-11-26,Seattle,0.35750000000000004
2021-11-27,Seattle,0.10333333333333333
2021-11-28,Seattle,0.3566666666666667
2021-11-29,Seattle,0.16749999999999998
2021-11-30,Seattle,0.013333333333333334
2021-12-01,Seattle,0.03
2021-12-02,Seattle,0.1
2021-12-03,Seattle,0.13
2021-12-04,Seattle,0.155
2021-12-05,Seattle,0.20000000000000004
2021-12-06,Seattle,0.025
2021-12-07,Seattle,0.10666666666666667
2021-12-08,Seattle,0.049999999999999996
2021-12-09,Seattle,0.06
2021-12-10,Seattle,0.01
2021-12-11,Seattle,0.69
2021-12-12,Seattle,0.14750000000000002
2021-12-13,Seattle,0.275
2021-12-14,Seattle,0.08333333333333333
2021-12-15,Seattle,0.1225
2021-12-16,Seattle,0.125
2021-12-17,Seattle,0.08249999999999999
2021-12-18,Seattle,0.5233333333333333
2021-12-19,Seattle,0.32
2021-12-20,Seattle,0.075
2021-12-21,Seattle,0.0525
2021-12-22,Seattle,0.37333333333333335
2021-12-23,Seattle,0.545
2021-12-24,Seattle,0.2
2021-12-25,Seattle,0.345
2021-12-26,Seattle,0.2875
2021-12-27,Seattle,0.1175
2021-12-28,Seattle,0.03666666666666667
2021-12-29,Seattle,0.0
2021-12-30,Seattle,0.17
2021-12-31,Seattle,0.0025
2022-01-01,Seattle,0.0
2022-01-02,Seattle,0.2
2022-01-03,Seattle,1.7325
2022-01-04,Seattle,0.2775
2022-01-05,Seattle,0.15666666666666665
2022-01-06,Seattle,1.0325
2022-01-07,Seattle,1.3025
2022-01-08,Seattle,0.31999999999999995
2022-01-09,Seattle,0.0
2022-01-10,Seattle,0.1325
2022-01-11,Seattle,0.9
2022-01-12,Seattle,0.4666666666666666
2022-01-13,Seattle,0.288
2022-01-14,Seattle,0.02
2022-01-15,Seattle,0.01
2022-01-16,Seattle,0.005
2022-01-17,Seattle,0.01
2022-01-18,Seattle,0.02
2022-01-19,Seattle,0.0475
2022-01-20,Seattle,0.1
2022-01-21,Seattle,0.18000000000000002
2022-01-22,Seattle,0.005
2022-01-23,Seattle,0.0
2022-01-24,Seattle,0.0
2022-01-25,Seattle,0.0
2022-01-26,Seattle,0.0
2022-01-27,Seattle,0.0
2022-01-28,Seattle,0.0
2022-01-29,Seattle,0.0
2022-01-30,Seattle,0.07250000000000001
2022-01-31,Seattle,0.2225
2022-02-01,Seattle,0.013333333333333334
2022-02-02,Seattle,0.045
2022-02-03,Seattle,0.11
2022-02-04,Seattle,0.03333333333333333
2022-02-05,Seattle,0.02
2022-02-06,Seattle,0.0033333333333333335
2022-02-07,Seattle,0.0
2022-02-08,Seattle,0.0033333333333333335
2022-02-09,Seattle,0.01
2022-02-10,Seattle,0.02
2022-02-11,Seattle,0.016666666666666666
2022-02-12,Seattle,0.0
2022-02-13,Seattle,0.0
2022-02-14,Seattle,0.052000000000000005
2022-02-15,Seattle,0.064
2022-02-16,Seattle,0.005
2022-02-17,Seattle,0.0
2022-02-18,Seattle,0.0
2022-02-19,Seattle,0.014000000000000002
2022-02-20,Seattle,0.148
2022-02-21,Seattle,0.21000000000000002
2022-02-22,Seattle,0.032
2022-02-23,Seattle,0.0
2022-02-24,Seattle,0.008
2022-02-25,Seattle,0.0
2022-02-26,Seattle,0.09
2022-02-27,Seattle,0.686
2022-02-28,Seattle,2.0460000000000003
2022-03-01,Seattle,0.782
2022-03-02,Seattle,0.0775
2022-03-03,Seattle,0.225
2022-03-04,Seattle,0.075
2022-03-05,Seattle,0.04
2022-03-06,Seattle,0.0
2022-03-07,Seattle,0.0
2022-03-08,Seattle,0.10333333333333333
2022-03-09,Seattle,0.025
2022-03-10,Seattle,0.0
2022-03-11,Seattle,0.006666666666666667
2022-03-12,Seattle,0.006666666666666667
2022-03-13,Seattle,0.10333333333333333
2022-03-14,Seattle,0.32
2022-03-15,Seattle,0.37
2022-03-16,Seattle,0.02333333333333333
2022-03-17,Seattle,0.006666666666666667
2022-03-18,Seattle,0.185
2022-03-19,Seattle,0.43999999999999995
2022-03-20,Seattle,0.16999999999999998
2022-03-21,Seattle,0.33499999999999996
2022-03-22,Seattle,0.125
2022-03-23,Seattle,0.06
2022-03-24,Seattle,0.26
2022-03-25,Seattle,0.0
2022-03-26,Seattle,0.005
2022-03-27,Seattle,0.04
2022-03-28,Seattle,0.0
2022-03-29,Seattle,0.01
2022-03-30,Seattle,0.0
2022-03-31,Seattle,0.23666666666666666
2022-04-01,Seattle,0.016666666666666666
2022-04-02,Seattle,0.07
2022-04-03,Seattle,0.08333333333333333
2022-04-04,Seattle,0.7866666666666667
2022-04-05,Seattle,0.043333333333333335
2022-04-06,Seattle,0.005
2022-04-07,Seattle,0.0
2022-04-08,Seattle,0.05333333333333334
2022-04-09,Seattle,0.08666666666666667
2022-04-10,Seattle,0.325
2022-04-11,Seattle,0.045000000000000005
2022-04-12,Seattle,0.006666666666666667
2022-04-13,Seattle,0.0075
2022-04-14,Seattle,0.043333333333333335
2022-04-15,Seattle,0.02
2022-04-16,Seattle,0.0025
2022-04-17,Seattle,0.04666666666666667
2022-04-18,Seattle,0.10800000000000001
2022-04-19,Seattle,0.296
2022-04-20,Seattle,0.0225
2022-04-21,Seattle,0.19
2022-04-22,Seattle,0.22666666666666668
2022-04-23,Seattle,0.006666666666666667
2022-04-24,Seattle,0.0
2022-04-25,Seattle,0.1375
2022-04-26,Seattle,0.026000000000000002
2022-04-27,Seattle,0.041999999999999996
2022-04-28,Seattle,0.05333333333333334
2022-04-29,Seattle,0.04
2022-04-30,Seattle,0.368
2022-05-01,Seattle,0.022500000000000003
2022-05-02,Seattle,0.362
2022-05-03,Seattle,0.12
2022-05-04,Seattle,0.005
2022-05-05,Seattle,0.035
2022-05-06,Seattle,0.44800000000000006
2022-05-07,Seattle,0.48
2022-05-08,Seattle,0.02
2022-05-09,Seattle,0.01
2022-05-10,Seattle,0.0075
2022-05-11,Seattle,0.0375
2022-05-12,Seattle,0.09749999999999999
2022-05-13,Seattle,0.3275
2022-05-14,Seattle,0.05
2022-05-15,Seattle,0.225
2022-05-16,Seattle,0.4275
2022-05-17,Seattle,0.0075
2022-05-18,Seattle,0.185
2022-05-19,Seattle,0.0825
2022-05-20,Seattle,0.0
2022-05-21,Seattle,0.0
2022-05-22,Seattle,0.0
2022-05-23,Seattle,0.0
2022-05-24,Seattle,0.0
2022-05-25,Seattle,0.03
2022-05-26,Seattle,0.12
2022-05-27,Seattle,0.15000000000000002
2022-05-28,Seattle,0.0475
2022-05-29,Seattle,0.28500000000000003
2022-05-30,Seattle,0.4175
2022-05-31,Seattle,0.04
2022-06-01,Seattle,0.0
2022-06-02,Seattle,0.03333333333333333
2022-06-03,Seattle,0.24
2022-06-04,Seattle,0.19333333333333336
2022-06-05,Seattle,0.605
2022-06-06,Seattle,0.202
2022-06-07,Seattle,0.0
2022-06-08,Seattle,0.0075
2022-06-09,Seattle,0.40666666666666673
2022-06-10,Seattle,0.7533333333333333
2022-06-11,Seattle,0.11666666666666665
2022-06-12,Seattle,0.0225
2022-06-13,Seattle,0.105
2022-06-14,Seattle,0.16
2022-06-15,Seattle,0.0
2022-06-16,Seattle,0.0225
2022-06-17,Seattle,0.052500000000000005
2022-06-18,Seattle,0.0975
2022-06-19,Seattle,0.055
2022-06-20,Seattle,0.0
2022-06-21,Seattle,0.0
2022-06-22,Seattle,0.0175
2022-06-23,Seattle,0.016666666666666666
2022-06-24,Seattle,0.0
2022-06-25,Seattle,0.0
2022-06-26,Seattle,0.0
2022-06-27,Seattle,0.0
2022-06-28,Seattle,0.0
2022-06-29,Seattle,0.0
2022-06-30,Seattle,0.0
2022-07-01,Seattle,0.0
2022-07-02,Seattle,0.0
2022-07-03,Seattle,0.03666666666666667
2022-07-04,Seattle,0.08666666666666667
2022-07-05,Seattle,0.025
2022-07-06,Seattle,0.06
2022-07-07,Seattle,0.023333333333333334
2022-07-08,Seattle,0.006666666666666667
2022-07-09,Seattle,0.0
2022-07-10,Seattle,0.0
2022-07-11,Seattle,0.0
2022-07-12,Seattle,0.0
2022-07-13,Seattle,0.0
2022-07-14,Seattle,0.0
2022-07-15,Seattle,0.0
2022-07-16,Seattle,0.0
2022-07-17,Seattle,0.0033333333333333335
2022-07-18,Seattle,0.02
2022-07-19,Seattle,0.0
2022-07-20,Seattle,0.0
2022-07-21,Seattle,0.0
2022-07-22,Seattle,0.0
2022-07-23,Seattle,0.0
2022-07-24,Seattle,0.0
2022-07-25,Seattle,0.0
2022-07-26,Seattle,0.0
2022-07-27,Seattle,0.0
2022-07-28,Seattle,0.0
2022-07-29,Seattle,0.0
2022-07-30,Seattle,0.0
2022-07-31,Seattle,0.0
2022-08-01,Seattle,0.006666666666666667
2022-08-02,Seattle,0.0
2022-08-03,Seattle,0.0
2022-08-04,Seattle,0.0
2022-08-05,Seattle,0.035
2022-08-06,Seattle,0.0
2022-08-07,Seattle,0.0
2022-08-08,Seattle,0.0
2022-08-09,Seattle,0.0
2022-08-10,Seattle,0.013333333333333334
2022-08-11,Seattle,0.03666666666666667
2022-08-12,Seattle,0.0
2022-08-13,Seattle,0.0
2022-08-14,Seattle,0.0
2022-08-15,Seattle,0.0
2022-08-16,Seattle,0.0
2022-08-17,Seattle,0.0
2022-08-18,Seattle,0.0
2022-08-19,Seattle,0.015
2022-08-20,Seattle,0.02666666666666667
2022-08-21,Seattle,0.0
2022-08-22,Seattle,0.0
2022-08-23,Seattle,0.0
2022-08-24,Seattle,0.0
2022-08-25,Seattle,0.0
2022-08-26,Seattle,0.0
2022-08-27,Seattle,0.016666666666666666
2022-08-28,Seattle,0.01
2022-08-29,Seattle,0.0
2022-08-30,Seattle,0.0
2022-08-31,Seattle,0.0
2022-09-01,Seattle,0.0
2022-09-02,Seattle,0.0
2022-09-03,Seattle,0.04
2022-09-04,Seattle,0.03
2022-09-05,Seattle,0.03
2022-09-06,Seattle,0.0
2022-09-07,Seattle,0.0
2022-09-08,Seattle,0.0
2022-09-09,Seattle,0.0
2022-09-10,Seattle,0.0
2022-09-11,Seattle,0.0
2022-09-12,Seattle,0.0
2022-09-13,Seattle,0.0
2022-09-14,Seattle,0.0
2022-09-15,Seattle,0.0
2022-09-16,Seattle,0.049999999999999996
2022-09-17,Seattle,0.0
2022-09-18,Seattle,0.0
2022-09-19,Seattle,0.0
2022-09-20,Seattle,0.0
2022-09-21,Seattle,0.0
2022-09-22,Seattle,0.0
2022-09-23,Seattle,0.0
2022-09-24,Seattle,0.0
2022-09-25,Seattle,0.0
2022-09-26,Seattle,0.0
2022-09-27,Seattle,0.0
2022-09-28,Seattle,0.0
2022-09-29,Seattle,0.02
2022-09-30,Seattle,0.0
2022-10-01,Seattle,0.0
2022-10-02,Seattle,0.0
2022-10-03,Seattle,0.0
2022-10-04,Seattle,0.0
2022-10-05,Seattle,0.005
2022-10-06,Seattle,0.0
2022-10-07,Seattle,0.0
2022-10-08,Seattle,0.0
2022-10-09,Seattle,0.0
2022-10-10,Seattle,0.0033333333333333335
2022-10-11,Seattle,0.0
2022-10-12,Seattle,0.0
2022-10-13,Seattle,0.0
2022-10-14,Seattle,0.0
2022-10-15,Seattle,0.0
2022-10-16,Seattle,0.0
2022-10-17,Seattle,0.0
2022-10-18,Seattle,0.0
2022-10-19,Seattle,0.0
2022-10-20,Seattle,0.0
2022-10-21,Seattle,0.10333333333333333
2022-10-22,Seattle,0.4175
2022-10-23,Seattle,0.21200000000000002
2022-10-24,Seattle,0.11666666666666668
2022-10-25,Seattle,0.1525
2022-10-26,Seattle,0.24333333333333332
2022-10-27,Seattle,0.006666666666666667
2022-10-28,Seattle,0.46
2022-10-29,Seattle,0.0325
2022-10-30,Seattle,0.02666666666666667
2022-10-31,Seattle,0.766
2022-11-01,Seattle,0.0475
2022-11-02,Seattle,0.2425
2022-11-03,Seattle,0.09333333333333334
2022-11-04,Seattle,0.42000000000000004
2022-11-05,Seattle,0.0175
2022-11-06,Seattle,0.8666666666666667
2022-11-07,Seattle,0.27
2022-11-08,Seattle,0.31
2022-11-09,Seattle,0.0033333333333333335
2022-11-10,Seattle,0.0
2022-11-11,Seattle,0.0
2022-11-12,Seattle,0.0
2022-11-13,Seattle,0.0
2022-11-14,Seattle,0.0
2022-11-15,Seattle,0.0
2022-11-16,Seattle,0.0
2022-11-17,Seattle,0.0
2022-11-18,Seattle,0.0
2022-11-19,Seattle,0.0
2022-11-20,Seattle,0.0
2022-11-21,Seattle,0.0025
2022-11-22,Seattle,0.32999999999999996
2022-11-23,Seattle,0.712
2022-11-24,Seattle,0.0025
2022-11-25,Seattle,0.16333333333333333
2022-11-26,Seattle,0.5549999999999999
2022-11-27,Seattle,0.20500000000000002
2022-11-28,Seattle,0.08
2022-11-29,Seattle,0.0225
2022-11-30,Seattle,1.1575
2022-12-01,Seattle,0.045000000000000005
2022-12-02,Seattle,0.01
2022-12-03,Seattle,0.58
2022-12-04,Seattle,0.08
2022-12-05,Seattle,0.10750000000000001
2022-12-06,Seattle,0.0175
2022-12-07,Seattle,0.03666666666666667
2022-12-08,Seattle,0.1725
2022-12-09,Seattle,0.05333333333333334
2022-12-10,Seattle,0.83
2022-12-11,Seattle,0.2425
2022-12-12,Seattle,0.09
2022-12-13,Seattle,0.015000000000000001
2022-12-14,Seattle,0.005
2022-12-15,Seattle,0.0
2022-12-16,Seattle,0.0
2022-12-17,Seattle,0.07500000000000001
2022-12-18,Seattle,0.049999999999999996
2022-12-19,Seattle,0.07500000000000001
2022-12-20,Seattle,0.39999999999999997
2022-12-21,Seattle,0.20666666666666667
2022-12-22,Seattle,0.01
2022-12-23,Seattle,0.22999999999999998
2022-12-24,Seattle,0.85
2022-12-25,Seattle,0.7399999999999999
2022-12-26,Seattle,1.53
2022-12-27,Seattle,0.5866666666666667
2022-12-28,Seattle,0.38000000000000006
2022-12-29,Seattle,0.13999999999999999
2022-12-30,Seattle,0.5900000000000001
2022-12-31,Seattle,0.15000000000000002
2023-01-01,Seattle,0.016666666666666666
2023-01-02,Seattle,0.0033333333333333335
2023-01-03,Seattle,0.0
2023-01-04,Seattle,0.01
2023-01-05,Seattle,0.03333333333333333
2023-01-06,Seattle,0.06333333333333334
2023-01-07,Seattle,0.2866666666666667
2023-01-08,Seattle,0.2733333333333334
2023-01-09,Seattle,0.3275
2023-01-10,Seattle,0.5775
2023-01-11,Seattle,0.055
2023-01-12,Seattle,0.4675
2023-01-13,Seattle,0.5225
2023-01-14,Seattle,0.19333333333333336
2023-01-15,Seattle,0.18333333333333335
2023-01-16,Seattle,0.22999999999999998
2023-01-17,Seattle,0.03
2023-01-18,Seattle,0.16666666666666666
2023-01-19,Seattle,0.19999999999999998
2023-01-20,Seattle,0.0
2023-01-21,Seattle,0.065
2023-01-22,Seattle,0.23666666666666666
2023-01-23,Seattle,0.005
2023-01-24,Seattle,0.0
2023-01-25,Seattle,0.036666666666666674
2023-01-26,Seattle,0.01
2023-01-27,Seattle,0.17333333333333334
2023-01-28,Seattle,0.08499999999999999
2023-01-29,Seattle,0.0
2023-01-30,Seattle,0.0
2023-01-31,Seattle,0.0
2023-02-01,Seattle,0.0
2023-02-02,Seattle,0.0
2023-02-03,Seattle,0.105
2023-02-04,Seattle,0.29333333333333333
2023-02-05,Seattle,0.095
2023-02-06,Seattle,0.11333333333333334
2023-02-07,Seattle,0.23
2023-02-08,Seattle,0.10000000000000002
2023-02-09,Seattle,0.045
2023-02-10,Seattle,0.04
2023-02-11,Seattle,0.0
2023-02-12,Seattle,0.005
2023-02-13,Seattle,0.12
2023-02-14,Seattle,0.16
2023-02-15,Seattle,0.0
2023-02-16,Seattle,0.0
2023-02-17,Seattle,0.22666666666666666
2023-02-18,Seattle,0.08333333333333333
2023-02-19,Seattle,0.06333333333333334
2023-02-20,Seattle,0.2725
2023-02-21,Seattle,0.09000000000000001
2023-02-22,Seattle,0.27599999999999997
2023-02-23,Seattle,0.0275
2023-02-24,Seattle,0.0
2023-02-25,Seattle,0.01
2023-02-26,Seattle,0.31
2023-02-27,Seattle,0.05333333333333334
2023-02-28,Seattle,0.2375
2023-03-01,Seattle,0.02666666666666667
2023-03-02,Seattle,0.16
2023-03-03,Seattle,0.08666666666666667
2023-03-04,Seattle,0.44
2023-03-05,Seattle,0.2
2023-03-06,Seattle,0.12666666666666668
2023-03-07,Seattle,0.005
2023-03-08,Seattle,0.0033333333333333335
2023-03-09,Seattle,0.05
2023-03-10,Seattle,0.22
2023-03-11,Seattle,0.03
2023-03-12,Seattle,0.0
2023-03-13,Seattle,0.7933333333333333
2023-03-14,Seattle,0.04666666666666667
2023-03-15,Seattle,0.0075
2023-03-16,Seattle,0.006666666666666667
2023-03-17,Seattle,0.006666666666666667
2023-03-18,Seattle,0.0
2023-03-19,Seattle,0.0
2023-03-20,Seattle,0.1375
2023-03-21,Seattle,0.035
2023-03-22,Seattle,0.01
2023-03-23,Seattle,0.013333333333333334
2023-03-24,Seattle,0.016666666666666666
2023-03-25,Seattle,0.33666666666666667
2023-03-26,Seattle,0.006666666666666667
2023-03-27,Seattle,0.0
2023-03-28,Seattle,0.0
2023-03-29,Seattle,0.0
2023-03-30,Seattle,0.0
2023-03-31,Seattle,0.13333333333333333
2023-04-01,Seattle,0.28
2023-04-02,Seattle,0.12666666666666668
2023-04-03,Seattle,0.2675
2023-04-04,Seattle,0.09000000000000001
2023-04-05,Seattle,0.0
2023-04-06,Seattle,0.14
2023-04-07,Seattle,0.516
2023-04-08,Seattle,0.0475
2023-04-09,Seattle,0.2775
2023-04-10,Seattle,0.465
2023-04-11,Seattle,0.4375
2023-04-12,Seattle,0.0075
2023-04-13,Seattle,0.0
2023-04-14,Seattle,0.0
2023-04-15,Seattle,0.006666666666666667
2023-04-16,Seattle,0.13333333333333333
2023-04-17,Seattle,0.22999999999999998
2023-04-18,Seattle,0.195
2023-04-19,Seattle,0.042499999999999996
2023-04-20,Seattle,0.11666666666666665
2023-04-21,Seattle,0.2625
2023-04-22,Seattle,0.05000000000000001
2023-04-23,Seattle,0.3566666666666667
2023-04-24,Seattle,0.115
2023-04-25,Seattle,0.006666666666666667
2023-04-26,Seattle,0.0
2023-04-27,Seattle,0.0
2023-04-28,Seattle,0.0
2023-04-29,Seattle,0.0
2023-04-30,Seattle,0.0
2023-05-01,Seattle,0.006666666666666667
2023-05-02,Seattle,0.0325
2023-05-03,Seattle,0.0
2023-05-04,Seattle,0.025
2023-05-05,Seattle,0.40249999999999997
2023-05-06,Seattle,0.43
2023-05-07,Seattle,0.0475
2023-05-08,Seattle,0.0033333333333333335
2023-05-09,Seattle,0.0033333333333333335
2023-05-10,Seattle,0.0
2023-05-11,Seattle,0.0
2023-05-12,Seattle,0.0
2023-05-13,Seattle,0.0
2023-05-14,Seattle,0.0
2023-05-15,Seattle,0.0
2023-05-16,Seattle,0.03
2023-05-17,Seattle,0.0
2023-05-18,Seattle,0.0
2023-05-19,Seattle,0.0
2023-05-20,Seattle,0.005
2023-05-21,Seattle,0.0
2023-05-22,Seattle,0.1125
2023-05-23,Seattle,0.0033333333333333335
2023-05-24,Seattle,0.0
2023-05-25,Seattle,0.0
2023-05-26,Seattle,0.0
2023-05-27,Seattle,0.0
2023-05-28,Seattle,0.0
2023-05-29,Seattle,0.0
2023-05-30,Seattle,0.0
2023-05-31,Seattle,0.0
2023-06-01,Seattle,0.0
2023-06-02,Seattle,0.0
2023-06-03,Seattle,0.0
2023-06-04,Seattle,0.0
2023-06-05,Seattle,0.0
2023-06-06,Seattle,0.0
2023-06-07,Seattle,0.0
2023-06-08,Seattle,0.0
2023-06-09,Seattle,0.075
2023-06-10,Seattle,0.31
2023-06-11,Seattle,0.045
2023-06-12,Seattle,0.0
2023-06-13,Seattle,0.0
2023-06-14,Seattle,0.005
2023-06-15,Seattle,0.0
2023-06-16,Seattle,0.065
2023-06-17,Seattle,0.2233333333333333
2023-06-18,Seattle,0.11666666666666665
2023-06-19,Seattle,0.18999999999999997
2023-06-20,Seattle,0.31666666666666665
2023-06-21,Seattle,0.05333333333333334
2023-06-22,Seattle,0.0
2023-06-23,Seattle,0.0
2023-06-24,Seattle,0.0
2023-06-25,Seattle,0.0
2023-06-26,Seattle,0.0
2023-06-27,Seattle,0.0
2023-06-28,Seattle,0.0
2023-06-29,Seattle,0.0
2023-06-30,Seattle,0.0
2023-07-01,Seattle,0.0
2023-07-02,Seattle,0.0
2023-07-03,Seattle,0.0
2023-07-04,Seattle,0.0
2023-07-05,Seattle,0.0
2023-07-06,Seattle,0.0
2023-07-07,Seattle,0.0
2023-07-08,Seattle,0.0
2023-07-09,Seattle,0.0
2023-07-10,Seattle,0.0
2023-07-11,Seattle,0.0
2023-07-12,Seattle,0.0
2023-07-13,Seattle,0.0
2023-07-14,Seattle,0.0
2023-07-15,Seattle,0.0
2023-07-16,Seattle,0.0
2023-07-17,Seattle,0.0
2023-07-18,Seattle,0.0
2023-07-19,Seattle,0.0
2023-07-20,Seattle,0.0
2023-07-21,Seattle,0.0
2023-07-22,Seattle,0.0
2023-07-23,Seattle,0.0
2023-07-24,Seattle,0.03
2023-07-25,Seattle,0.08
2023-07-26,Seattle,0.0
2023-07-27,Seattle,0.0
2023-07-28,Seattle,0.0
2023-07-29,Seattle,0.0
2023-07-30,Seattle,0.0
2023-07-31,Seattle,0.0
2023-08-01,Seattle,0.0
2023-08-02,Seattle,0.0
2023-08-03,Seattle,0.0
2023-08-04,Seattle,0.0
2023-08-05,Seattle,0.006666666666666667
2023-08-06,Seattle,0.006666666666666667
2023-08-07,Seattle,0.043333333333333335
2023-08-08,Seattle,0.03
2023-08-09,Seattle,0.01
2023-08-10,Seattle,0.02
2023-08-11,Seattle,0.0
2023-08-12,Seattle,0.0
2023-08-13,Seattle,0.0
2023-08-14,Seattle,0.0
2023-08-15,Seattle,0.0
2023-08-16,Seattle,0.0
2023-08-17,Seattle,0.0
2023-08-18,Seattle,0.0
2023-08-19,Seattle,0.0
2023-08-20,Seattle,0.0
2023-08-21,Seattle,0.0
2023-08-22,Seattle,0.006666666666666667
2023-08-23,Seattle,0.055
2023-08-24,Seattle,0.0
2023-08-25,Seattle,0.006666666666666667
2023-08-26,Seattle,0.0033333333333333335
2023-08-27,Seattle,0.0
2023-08-28,Seattle,0.0
2023-08-29,Seattle,0.03
2023-08-30,Seattle,0.14750000000000002
2023-08-31,Seattle,0.023333333333333334
2023-09-01,Seattle,0.006666666666666667
2023-09-02,Seattle,0.0
2023-09-03,Seattle,0.02
2023-09-04,Seattle,0.04
2023-09-05,Seattle,0.013333333333333334
2023-09-06,Seattle,0.0
2023-09-07,Seattle,0.0
2023-09-08,Seattle,0.0
2023-09-09,Seattle,0.0
2023-09-10,Seattle,0.0
2023-09-11,Seattle,0.0
2023-09-12,Seattle,0.016666666666666666
2023-09-13,Seattle,0.0325
2023-09-14,Seattle,0.0
2023-09-15,Seattle,0.0
2023-09-16,Seattle,0.0
2023-09-17,Seattle,0.0
2023-09-18,Seattle,0.0975
2023-09-19,Seattle,0.0
2023-09-20,Seattle,0.5175
2023-09-21,Seattle,0.013333333333333334
2023-09-22,Seattle,0.0
2023-09-23,Seattle,0.0375
2023-09-24,Seattle,0.186
2023-09-25,Seattle,0.8560000000000001
2023-09-26,Seattle,0.7775
2023-09-27,Seattle,0.7233333333333333
2023-09-28,Seattle,0.576
2023-09-29,Seattle,0.154
2023-09-30,Seattle,0.0025
2023-10-01,Seattle,0.0
2023-10-02,Seattle,0.0
2023-10-03,Seattle,0.246
2023-10-04,Seattle,0.0
2023-10-05,Seattle,0.0
2023-10-06,Seattle,0.0
2023-10-07,Seattle,0.0
2023-10-08,Seattle,0.0
2023-10-09,Seattle,0.0075
2023-10-10,Seattle,0.13599999999999998
2023-10-11,Seattle,0.646
2023-10-12,Seattle,0.16499999999999998
2023-10-13,Seattle,0.06
2023-10-14,Seattle,0.13
2023-10-15,Seattle,0.02
2023-10-16,Seattle,0.32
2023-10-17,Seattle,0.2525
2023-10-18,Seattle,0.06166666666666667
2023-10-19,Seattle,0.0
2023-10-20,Seattle,0.0
2023-10-21,Seattle,0.005
2023-10-22,Seattle,0.01
2023-10-23,Seattle,0.004
2023-10-24,Seattle,0.12
2023-10-25,Seattle,0.624
2023-10-26,Seattle,0.013333333333333334
2023-10-27,Seattle,0.0
2023-10-28,Seattle,0.0
2023-10-29,Seattle,0.0
2023-10-30,Seattle,0.0
2023-10-31,Seattle,0.0
2023-11-01,Seattle,0.1075
2023-11-02,Seattle,0.9775
2023-11-03,Seattle,0.18000000000000002
2023-11-04,Seattle,0.905
2023-11-05,Seattle,0.4875
2023-11-06,Seattle,0.415
2023-11-07,Seattle,0.4675
2023-11-08,Seattle,0.013333333333333334
2023-11-09,Seattle,0.04666666666666667
2023-11-10,Seattle,0.15666666666666665
2023-11-11,Seattle,0.3575
2023-11-12,Seattle,0.085
2023-11-13,Seattle,0.2
2023-11-14,Seattle,0.022
2023-11-15,Seattle,0.0025
2023-11-16,Seattle,0.005
2023-11-17,Seattle,0.0
2023-11-18,Seattle,0.09000000000000001
2023-11-19,Seattle,0.2275
2023-11-20,Seattle,0.015
2023-11-21,Seattle,0.0425
2023-11-22,Seattle,0.37666666666666665
2023-11-23,Seattle,0.0
2023-11-24,Seattle,0.0
2023-11-25,Seattle,
2023-11-26,Seattle,0.0
2023-11-27,Seattle,0.0
2023-11-28,Seattle,0.0
2023-11-29,Seattle,0.0
2023-11-30,Seattle,0.048
2023-12-01,Seattle,0.466
2023-12-02,Seattle,0.694
2023-12-03,Seattle,0.25
2023-12-04,Seattle,0.366
2023-12-05,Seattle,2.71
2023-12-06,Seattle,0.8960000000000001
2023-12-07,Seattle,0.4
2023-12-08,Seattle,0.276
2023-12-09,Seattle,0.14800000000000002
2023-12-10,Seattle,0.5740000000000001
2023-12-11,Seattle,0.014000000000000002
2023-12-12,Seattle,0.0
2023-12-13,Seattle,0.0
2023-12-14,Seattle,0.14
2023-12-15,Seattle,0.025
2023-12-16,Seattle,0.0
2023-12-17,Seattle,0.0
2023-12-18,Seattle,0.0125
2023-12-19,Seattle,0.125
2023-12-20,Seattle,0.16999999999999998
2023-12-21,Seattle,0.0175
2023-12-22,Seattle,0.2775
2023-12-23,Seattle,0.595
2023-12-24,Seattle,0.006666666666666667
2023-12-25,Seattle,0.19666666666666666
2023-12-26,Seattle,0.6066666666666667
2023-12-27,Seattle,0.06333333333333334
2023-12-28,Seattle,0.24
2023-12-29,Seattle,0.05500000000000001
2023-12-30,Seattle,0.0425
2023-12-31,Seattle,0.05
2020-01-01,NYC,0.011428571428571429
2020-01-02,NYC,0.0
2020-01-03,NYC,0.13714285714285715
2020-01-04,NYC,0.19
2020-01-05,NYC,0.038571428571428576
2020-01-06,NYC,0.017142857142857144
2020-01-07,NYC,0.012857142857142857
2020-01-08,NYC,0.022857142857142857
2020-01-09,NYC,0.0014285714285714286
2020-01-10,NYC,0.0
2020-01-11,NYC,0.0
2020-01-12,NYC,0.05714285714285714
2020-01-13,NYC,0.004285714285714286
2020-01-14,NYC,0.016666666666666666
2020-01-15,NYC,0.01
2020-01-16,NYC,0.07285714285714286
2020-01-17,NYC,0.002857142857142857
2020-01-18,NYC,0.19857142857142857
2020-01-19,NYC,0.3628571428571429
2020-01-20,NYC,0.0
2020-01-21,NYC,0.0
2020-01-22,NYC,0.0
2020-01-23,NYC,0.0
2020-01-24,NYC,0.0
2020-01-25,NYC,0.3442857142857143
2020-01-26,NYC,0.5585714285714286
2020-01-27,NYC,0.0
2020-01-28,NYC,0.0014285714285714286
2020-01-29,NYC,0.0
2020-01-30,NYC,0.0
2020-01-31,NYC,0.008571428571428572
2020-02-01,NYC,0.012857142857142857
2020-02-02,NYC,0.03333333333333333
2020-02-03,NYC,0.032
2020-02-04,NYC,0.017142857142857144
2020-02-05,NYC,0.014285714285714287
2020-02-06,NYC,0.5142857142857143
2020-02-07,NYC,0.22142857142857145
2020-02-08,NYC,0.051428571428571435
2020-02-09,NYC,0.0014285714285714286
2020-02-10,NYC,0.16999999999999998
2020-02-11,NYC,0.5028571428571429
2020-02-12,NYC,0.08714285714285715
2020-02-13,NYC,0.3742857142857143
2020-02-14,NYC,0.07285714285714286
2020-02-15,NYC,0.0014285714285714286
2020-02-16,NYC,0.0
2020-02-17,NYC,0.0
2020-02-18,NYC,0.0
2020-02-19,NYC,0.002857142857142857
2020-02-20,NYC,0.0
2020-02-21,NYC,0.0
2020-02-22,NYC,0.0
2020-02-23,NYC,0.0
2020-02-24,NYC,0.0014285714285714286
2020-02-25,NYC,0.05714285714285715
2020-02-26,NYC,0.13428571428571429
2020-02-27,NYC,0.7628571428571428
2020-02-28,NYC,0.0014285714285714286
2020-02-29,NYC,0.0
2020-03-01,NYC,0.0
2020-03-02,NYC,0.0
2020-03-03,NYC,0.15285714285714286
2020-03-04,NYC,0.20714285714285713
2020-03-05,NYC,0.0014285714285714286
2020-03-06,NYC,0.0642857142857143
2020-03-07,NYC,0.055714285714285716
2020-03-08,NYC,0.0014285714285714286
2020-03-09,NYC,0.0
2020-03-10,NYC,0.0
2020-03-11,NYC,0.0
2020-03-12,NYC,0.06166666666666667
2020-03-13,NYC,0.30428571428571427
2020-03-14,NYC,0.05714285714285714
2020-03-15,NYC,0.0
2020-03-16,NYC,0.0
2020-03-17,NYC,0.15285714285714286
2020-03-18,NYC,0.02142857142857143
2020-03-19,NYC,0.9671428571428572
2020-03-20,NYC,0.012857142857142857
2020-03-21,NYC,0.0
2020-03-22,NYC,0.0
2020-03-23,NYC,0.5966666666666667
2020-03-24,NYC,0.6657142857142857
2020-03-25,NYC,0.005714285714285714
2020-03-26,NYC,0.0
2020-03-27,NYC,0.0014285714285714286
2020-03-28,NYC,0.16
2020-03-29,NYC,0.2928571428571428
2020-03-30,NYC,0.06714285714285714
2020-03-31,NYC,0.048571428571428564
2020-04-01,NYC,0.0
2020-04-02,NYC,0.0
2020-04-03,NYC,0.060000000000000005
2020-04-04,NYC,0.032857142857142856
2020-04-05,NYC,0.0
2020-04-06,NYC,0.09
2020-04-07,NYC,0.0
2020-04-08,NYC,0.17285714285714285
2020-04-09,NYC,0.09714285714285713
2020-04-10,NYC,0.15714285714285717
2020-04-11,NYC,0.009999999999999998
2020-04-12,NYC,0.0
2020-04-13,NYC,0.9642857142857143
2020-04-14,NYC,0.5857142857142856
2020-04-15,NYC,0.025714285714285714
2020-04-16,NYC,0.0014285714285714286
2020-04-17,NYC,0.017142857142857144
2020-04-18,NYC,0.17857142857142858
2020-04-19,NYC,0.030000000000000002
2020-04-20,NYC,0.0
2020-04-21,NYC,0.10428571428571429
2020-04-22,NYC,0.1757142857142857
2020-04-23,NYC,0.047142857142857146
2020-04-24,NYC,0.5014285714285714
2020-04-25,NYC,0.1142857142857143
2020-04-26,NYC,0.09666666666666666
2020-04-27,NYC,0.1442857142857143
2020-04-28,NYC,0.017142857142857144
2020-04-29,NYC,0.004285714285714286
2020-04-30,NYC,0.3171428571428571
2020-05-01,NYC,0.3142857142857142
2020-05-02,NYC,0.06714285714285714
2020-05-03,NYC,0.11714285714285715
2020-05-04,NYC,0.045714285714285714
2020-05-05,NYC,0.0
2020-05-06,NYC,0.018571428571428572
2020-05-07,NYC,0.047142857142857146
2020-05-08,NYC,0.14714285714285716
2020-05-09,NYC,0.2885714285714286
2020-05-10,NYC,0.002857142857142857
2020-05-11,NYC,0.014285714285714287
2020-05-12,NYC,0.027142857142857142
2020-05-13,NYC,0.0014285714285714286
2020-05-14,NYC,0.0
2020-05-15,NYC,0.04428571428571428
2020-05-16,NYC,0.06285714285714285
2020-05-17,NYC,0.0
2020-05-18,NYC,0.0
2020-05-19,NYC,0.0
2020-05-20,NYC,0.0
2020-05-21,NYC,0.0
2020-05-22,NYC,0.02
2020-05-23,NYC,0.32
2020-05-24,NYC,0.4628571428571428
2020-05-25,NYC,0.005714285714285714
2020-05-26,NYC,0.005714285714285714
2020-05-27,NYC,0.0
2020-05-28,NYC,0.0071428571428571435
2020-05-29,NYC,0.015714285714285715
2020-05-30,NYC,0.037142857142857144
2020-05-31,NYC,0.0
2020-06-01,NYC,0.0
2020-06-02,NYC,0.0
2020-06-03,NYC,0.24285714285714288
2020-06-04,NYC,0.32
2020-06-05,NYC,0.35571428571428576
2020-06-06,NYC,0.21285714285714286
2020-06-07,NYC,0.2214285714285714
2020-06-08,NYC,0.0
2020-06-09,NYC,0.0
2020-06-10,NYC,0.0
2020-06-11,NYC,0.20285714285714285
2020-06-12,NYC,0.32285714285714284
2020-06-13,NYC,0.0
2020-06-14,NYC,0.0
2020-06-15,NYC,0.0
2020-06-16,NYC,0.0
2020-06-17,NYC,0.0
2020-06-18,NYC,0.0
2020-06-19,NYC,0.0
2020-06-20,NYC,0.0
2020-06-21,NYC,0.0
2020-06-22,NYC,0.0
2020-06-23,NYC,0.0
2020-06-24,NYC,0.0
2020-06-25,NYC,0.0
2020-06-26,NYC,0.0
2020-06-27,NYC,0.10428571428571429
2020-06-28,NYC,0.18142857142857144
2020-06-29,NYC,0.13714285714285715
2020-06-30,NYC,0.018571428571428572
2020-07-01,NYC,0.27714285714285714
2020-07-02,NYC,0.16142857142857145
2020-07-03,NYC,0.16428571428571428
2020-07-04,NYC,0.4271428571428571
2020-07-05,NYC,0.0014285714285714286
2020-07-06,NYC,0.08142857142857143
2020-07-07,NYC,0.0071428571428571435
2020-07-08,NYC,0.005714285714285714
2020-07-09,NYC,0.20714285714285713
2020-07-10,NYC,0.7871428571428571
2020-07-11,NYC,0.777142857142857
2020-07-12,NYC,0.1
2020-07-13,NYC,0.008571428571428572
2020-07-14,NYC,0.0
2020-07-15,NYC,0.004285714285714286
2020-07-16,NYC,0.0
2020-07-17,NYC,0.06166666666666667
2020-07-18,NYC,0.04428571428571428
2020-07-19,NYC,0.0
2020-07-20,NYC,0.0
2020-07-21,NYC,0.0
2020-07-22,NYC,0.37
2020-07-23,NYC,0.16285714285714287
2020-07-24,NYC,0.2414285714285714
2020-07-25,NYC,0.13
2020-07-26,NYC,0.0
2020-07-27,NYC,0.0
2020-07-28,NYC,0.0071428571428571435
2020-07-29,NYC,0.0
2020-07-30,NYC,0.011428571428571429
2020-07-31,NYC,0.7666666666666666
2020-08-01,NYC,0.01
2020-08-02,NYC,0.0
2020-08-03,NYC,0.13000000000000003
2020-08-04,NYC,0.27999999999999997
2020-08-05,NYC,0.09142857142857143
2020-08-06,NYC,0.02
2020-08-07,NYC,0.16999999999999998
2020-08-08,NYC,0.055714285714285716
2020-08-09,NYC,0.0014285714285714286
2020-08-10,NYC,0.0
2020-08-11,NYC,0.01
2020-08-12,NYC,0.42428571428571427
2020-08-13,NYC,0.13285714285714287
2020-08-14,NYC,0.03428571428571429
2020-08-15,NYC,0.0
2020-08-16,NYC,0.15142857142857144
2020-08-17,NYC,0.47000000000000003
2020-08-18,NYC,0.5771428571428572
2020-08-19,NYC,0.1842857142857143
2020-08-20,NYC,0.12285714285714286
2020-08-21,NYC,0.0014285714285714286
2020-08-22,NYC,0.0
2020-08-23,NYC,0.0
2020-08-24,NYC,0.0
2020-08-25,NYC,0.06571428571428571
2020-08-26,NYC,0.054285714285714284
2020-08-27,NYC,0.22285714285714284
2020-08-28,NYC,0.2771428571428572
2020-08-29,NYC,0.055714285714285716
2020-08-30,NYC,0.05714285714285715
2020-08-31,NYC,0.0014285714285714286
2020-09-01,NYC,0.19
2020-09-02,NYC,0.11
2020-09-03,NYC,0.2814285714285714
2020-09-04,NYC,0.21428571428571427
2020-09-05,NYC,0.0014285714285714286
2020-09-06,NYC,0.0
2020-09-07,NYC,0.0
2020-09-08,NYC,0.0
2020-09-09,NYC,0.0
2020-09-10,NYC,2.212857142857143
2020-09-11,NYC,0.33999999999999997
2020-09-12,NYC,0.0033333333333333335
2020-09-13,NYC,0.0
2020-09-14,NYC,0.0
2020-09-15,NYC,0.0
2020-09-16,NYC,0.0
2020-09-17,NYC,0.0
2020-09-18,NYC,0.038571428571428576
2020-09-19,NYC,0.0014285714285714286
2020-09-20,NYC,0.0
2020-09-21,NYC,0.0
2020-09-22,NYC,0.0
2020-09-23,NYC,0.0
2020-09-24,NYC,0.0
2020-09-25,NYC,0.0
2020-09-26,NYC,0.0014285714285714286
2020-09-27,NYC,0.012857142857142857
2020-09-28,NYC,0.047142857142857146
2020-09-29,NYC,0.09428571428571429
2020-09-30,NYC,0.9057142857142857
2020-10-01,NYC,0.0014285714285714286
2020-10-02,NYC,0.038571428571428576
2020-10-03,NYC,0.018571428571428572
2020-10-04,NYC,0.0
2020-10-05,NYC,0.0014285714285714286
2020-10-06,NYC,0.025714285714285717
2020-10-07,NYC,0.008571428571428572
2020-10-08,NYC,0.011428571428571429
2020-10-09,NYC,0.0
2020-10-10,NYC,0.0
2020-10-11,NYC,0.0
2020-10-12,NYC,0.788
2020-10-13,NYC,0.376
2020-10-14,NYC,0.03142857142857143
2020-10-15,NYC,0.0
2020-10-16,NYC,0.51
2020-10-17,NYC,0.8342857142857143
2020-10-18,NYC,0.002857142857142857
2020-10-19,NYC,0.0
2020-10-20,NYC,0.060000000000000005
2020-10-21,NYC,0.017142857142857144
2020-10-22,NYC,0.002857142857142857
2020-10-23,NYC,0.018571428571428572
2020-10-24,NYC,0.014285714285714287
2020-10-25,NYC,0.0071428571428571435
2020-10-26,NYC,0.06
2020-10-27,NYC,0.03142857142857143
2020-10-28,NYC,0.12428571428571429
2020-10-29,NYC,0.6683333333333333
2020-10-30,NYC,1.28
2020-10-31,NYC,0.10142857142857142
2020-11-01,NYC,0.22
2020-11-02,NYC,0.2783333333333333
2020-11-03,NYC,0.0
2020-11-04,NYC,0.002857142857142857
2020-11-05,NYC,0.0014285714285714286
2020-11-06,NYC,0.0
2020-11-07,NYC,0.0014285714285714286
2020-11-08,NYC,0.0014285714285714286
2020-11-09,NYC,0.0
2020-11-10,NYC,0.0
2020-11-11,NYC,0.32571428571428573
2020-11-12,NYC,0.67
2020-11-13,NYC,0.21
2020-11-14,NYC,0.06285714285714286
2020-11-15,NYC,0.12000000000000001
2020-11-16,NYC,0.19714285714285712
2020-11-17,NYC,0.0014285714285714286
2020-11-18,NYC,0.002857142857142857
2020-11-19,NYC,0.0
2020-11-20,NYC,0.0
2020-11-21,NYC,0.0
2020-11-22,NYC,0.012857142857142857
2020-11-23,NYC,0.7385714285714285
2020-11-24,NYC,0.04285714285714286
2020-11-25,NYC,0.0014285714285714286
2020-11-26,NYC,0.5571428571428572
2020-11-27,NYC,0.022857142857142857
2020-11-28,NYC,0.0014285714285714286
2020-11-29,NYC,0.0
2020-11-30,NYC,0.4414285714285714
2020-12-01,NYC,0.6885714285714286
2020-12-02,NYC,0.0014285714285714286
2020-12-03,NYC,0.0014285714285714286
2020-12-04,NYC,0.038571428571428576
2020-12-05,NYC,1.0957142857142856
2020-12-06,NYC,0.16142857142857145
2020-12-07,NYC,0.002857142857142857
2020-12-08,NYC,0.0
2020-12-09,NYC,0.008571428571428572
2020-12-10,NYC,0.004285714285714286
2020-12-11,NYC,0.0
2020-12-12,NYC,0.002857142857142857
2020-12-13,NYC,0.021428571428571432
2020-12-14,NYC,0.11
2020-12-15,NYC,0.16999999999999998
2020-12-16,NYC,0.2057142857142857
2020-12-17,NYC,0.7457142857142857
2020-12-18,NYC,0.03428571428571429
2020-12-19,NYC,0.0
2020-12-20,NYC,0.018571428571428572
2020-12-21,NYC,0.028571428571428574
2020-12-22,NYC,0.0014285714285714286
2020-12-23,NYC,0.0
2020-12-24,NYC,0.06142857142857143
2020-12-25,NYC,0.8028571428571428
2020-12-26,NYC,0.08
2020-12-27,NYC,0.0
2020-12-28,NYC,0.0
2020-12-29,NYC,0.0
2020-12-30,NYC,0.0
2020-12-31,NYC,0.30142857142857143
2021-01-01,NYC,0.34285714285714286
2021-01-02,NYC,0.39
2021-01-03,NYC,0.05714285714285715
2021-01-04,NYC,0.08857142857142856
2021-01-05,NYC,0.0014285714285714286
2021-01-06,NYC,0.0
2021-01-07,NYC,0.0
2021-01-08,NYC,0.0
2021-01-09,NYC,0.0
2021-01-10,NYC,0.0
2021-01-11,NYC,0.0
2021-01-12,NYC,0.0
2021-01-13,NYC,0.0
2021-01-14,NYC,0.0
2021-01-15,NYC,0.13428571428571429
2021-01-16,NYC,1.0457142857142858
2021-01-17,NYC,0.0014285714285714286
2021-01-18,NYC,0.0
2021-01-19,NYC,0.0
2021-01-20,NYC,0.012857142857142857
2021-01-21,NYC,0.004285714285714286
2021-01-22,NYC,0.0014285714285714286
2021-01-23,NYC,0.0
2021-01-24,NYC,0.0
2021-01-25,NYC,0.0
2021-01-26,NYC,0.037142857142857144
2021-01-27,NYC,0.09714285714285713
2021-01-28,NYC,0.002857142857142857
2021-01-29,NYC,0.0
2021-01-30,NYC,0.0
2021-01-31,NYC,0.027142857142857142
2021-02-01,NYC,0.8880000000000001
2021-02-02,NYC,0.48166666666666663
2021-02-03,NYC,0.07285714285714286
2021-02-04,NYC,0.0
2021-02-05,NYC,0.015714285714285715
2021-02-06,NYC,0.014285714285714287
2021-02-07,NYC,0.15285714285714286
2021-02-08,NYC,0.17166666666666666
2021-02-09,NYC,0.018333333333333333
2021-02-10,NYC,0.004285714285714286
2021-02-11,NYC,0.12833333333333333
2021-02-12,NYC,0.0
2021-02-13,NYC,0.0014285714285714286
2021-02-14,NYC,0.005714285714285714
2021-02-15,NYC,0.002857142857142857
2021-02-16,NYC,0.7257142857142858
2021-02-17,NYC,0.002857142857142857
2021-02-18,NYC,0.22714285714285715
2021-02-19,NYC,0.3971428571428572
2021-02-20,NYC,0.07428571428571429
2021-02-21,NYC,0.0
2021-02-22,NYC,0.2285714285714286
2021-02-23,NYC,0.27166666666666667
2021-02-24,NYC,0.008571428571428572
2021-02-25,NYC,0.0
2021-02-26,NYC,0.0
2021-02-27,NYC,0.23857142857142857
2021-02-28,NYC,0.23428571428571426
2021-03-01,NYC,0.3385714285714286
2021-03-02,NYC,0.0
2021-03-03,NYC,0.0
2021-03-04,NYC,0.0
2021-03-05,NYC,0.0
2021-03-06,NYC,0.0
2021-03-07,NYC,0.0
2021-03-08,NYC,0.0
2021-03-09,NYC,0.0
2021-03-10,NYC,0.0
2021-03-11,NYC,0.0
2021-03-12,NYC,0.0
2021-03-13,NYC,0.0
2021-03-14,NYC,0.0
2021-03-15,NYC,0.0
2021-03-16,NYC,0.0014285714285714286
2021-03-17,NYC,0.0
2021-03-18,NYC,0.2414285714285714
2021-03-19,NYC,0.4657142857142857
2021-03-20,NYC,0.0
2021-03-21,NYC,0.0
2021-03-22,NYC,0.0
2021-03-23,NYC,0.0
2021-03-24,NYC,0.38571428571428573
2021-03-25,NYC,0.4557142857142858
2021-03-26,NYC,0.041428571428571426
2021-03-27,NYC,0.0014285714285714286
2021-03-28,NYC,0.34714285714285714
2021-03-29,NYC,0.5428571428571428
2021-03-30,NYC,0.0014285714285714286
2021-03-31,NYC,0.25
2021-04-01,NYC,0.43
2021-04-02,NYC,0.005714285714285714
2021-04-03,NYC,0.0014285714285714286
2021-04-04,NYC,0.0
2021-04-05,NYC,0.0
2021-04-06,NYC,0.0
2021-04-07,NYC,0.0
2021-04-08,NYC,0.0
2021-04-09,NYC,0.0014285714285714286
2021-04-10,NYC,0.014285714285714287
2021-04-11,NYC,0.18857142857142858
2021-04-12,NYC,0.5157142857142857
2021-04-13,NYC,0.21285714285714288
2021-04-14,NYC,0.002857142857142857
2021-04-15,NYC,0.4114285714285714
2021-04-16,NYC,0.7357142857142858
2021-04-17,NYC,0.04142857142857143
2021-04-18,NYC,0.0
2021-04-19,NYC,0.0
2021-04-20,NYC,0.005714285714285714
2021-04-21,NYC,0.0642857142857143
2021-04-22,NYC,0.11285714285714286
2021-04-23,NYC,0.0
2021-04-24,NYC,0.0
2021-04-25,NYC,0.48428571428571426
2021-04-26,NYC,0.047142857142857146
2021-04-27,NYC,0.004285714285714286
2021-04-28,NYC,0.01
2021-04-29,NYC,0.060000000000000005
2021-04-30,NYC,0.07142857142857142
2021-05-01,NYC,0.012857142857142857
2021-05-02,NYC,0.0014285714285714286
2021-05-03,NYC,0.15857142857142859
2021-05-04,NYC,0.5328571428571428
2021-05-05,NYC,0.13857142857142857
2021-05-06,NYC,0.145
2021-05-07,NYC,0.0
2021-05-08,NYC,0.015
2021-05-09,NYC,0.24666666666666667
2021-05-10,NYC,0.31
2021-05-11,NYC,0.0033333333333333335
2021-05-12,NYC,0.0
2021-05-13,NYC,0.0
2021-05-14,NYC,0.0
2021-05-15,NYC,0.0
2021-05-16,NYC,0.0014285714285714286
2021-05-17,NYC,0.0
2021-05-18,NYC,0.0
2021-05-19,NYC,0.0
2021-05-20,NYC,0.0
2021-05-21,NYC,0.0
2021-05-22,NYC,0.0
2021-05-23,NYC,0.0
2021-05-24,NYC,0.0
2021-05-25,NYC,0.0
2021-05-26,NYC,0.085
2021-05-27,NYC,0.18285714285714286
2021-05-28,NYC,0.4471428571428571
2021-05-29,NYC,1.2557142857142856
2021-05-30,NYC,0.6414285714285715
2021-05-31,NYC,0.40857142857142853
2021-06-01,NYC,0.004285714285714286
2021-06-02,NYC,0.0
2021-06-03,NYC,0.12714285714285714
2021-06-04,NYC,0.3657142857142857
2021-06-05,NYC,0.19999999999999998
2021-06-06,NYC,0.0
2021-06-07,NYC,0.01
2021-06-08,NYC,0.19
2021-06-09,NYC,0.2885714285714286
2021-06-10,NYC,0.0
2021-06-11,NYC,0.0
2021-06-12,NYC,0.0014285714285714286
2021-06-13,NYC,0.0014285714285714286
2021-06-14,NYC,0.06714285714285714
2021-06-15,NYC,0.09428571428571429
2021-06-16,NYC,0.0
2021-06-17,NYC,0.0
2021-06-18,NYC,0.0
2021-06-19,NYC,0.06142857142857144
2021-06-20,NYC,0.18285714285714286
2021-06-21,NYC,0.037142857142857144
2021-06-22,NYC,0.13857142857142857
2021-06-23,NYC,0.23142857142857146
2021-06-24,NYC,0.0
2021-06-25,NYC,0.0071428571428571435
2021-06-26,NYC,0.008571428571428572
2021-06-27,NYC,0.0
2021-06-28,NYC,0.0
2021-06-29,NYC,0.0
2021-06-30,NYC,0.10714285714285714
2021-07-01,NYC,0.40857142857142853
2021-07-02,NYC,0.7671428571428571
2021-07-03,NYC,0.6628571428571429
2021-07-04,NYC,0.19571428571428573
2021-07-05,NYC,0.002857142857142857
2021-07-06,NYC,0.20833333333333334
2021-07-07,NYC,0.1742857142857143
2021-07-08,NYC,0.47285714285714286
2021-07-09,NYC,2.1514285714285717
2021-07-10,NYC,0.4228571428571429
2021-07-11,NYC,0.002857142857142857
2021-07-12,NYC,0.24571428571428572
2021-07-13,NYC,0.04285714285714286
2021-07-14,NYC,0.0071428571428571435
2021-07-15,NYC,0.0
2021-07-16,NYC,0.0
2021-07-17,NYC,0.18571428571428572
2021-07-18,NYC,0.16285714285714287
2021-07-19,NYC,0.006666666666666667
2021-07-20,NYC,0.0033333333333333335
2021-07-21,NYC,0.16166666666666668
2021-07-22,NYC,0.09666666666666668
2021-07-23,NYC,0.016666666666666666
2021-07-24,NYC,0.0
2021-07-25,NYC,0.325
2021-07-26,NYC,0.6799999999999999
2021-07-27,NYC,0.004285714285714286
2021-07-28,NYC,0.16
2021-07-29,NYC,0.155
2021-07-30,NYC,0.17714285714285713
2021-07-31,NYC,0.0014285714285714286
2021-08-01,NYC,0.018571428571428572
2021-08-02,NYC,0.021428571428571432
2021-08-03,NYC,0.0
2021-08-04,NYC,0.0
2021-08-05,NYC,0.008333333333333333
2021-08-06,NYC,0.0016666666666666668
2021-08-07,NYC,0.0
2021-08-08,NYC,0.4566666666666667
2021-08-09,NYC,0.4716666666666667
2021-08-10,NYC,0.33142857142857146
2021-08-11,NYC,0.13285714285714284
2021-08-12,NYC,0.09
2021-08-13,NYC,0.005714285714285714
2021-08-14,NYC,0.0014285714285714286
2021-08-15,NYC,0.0
2021-08-16,NYC,0.0
2021-08-17,NYC,0.0
2021-08-18,NYC,0.0
2021-08-19,NYC,0.16428571428571428
2021-08-20,NYC,0.0
2021-08-21,NYC,1.1716666666666666
2021-08-22,NYC,1.845
2021-08-23,NYC,2.03
2021-08-24,NYC,0.2933333333333334
2021-08-25,NYC,0.0
2021-08-26,NYC,0.0
2021-08-27,NYC,0.10857142857142857
2021-08-28,NYC,0.63
2021-08-29,NYC,0.2842857142857143
2021-08-30,NYC,0.03571428571428571
2021-08-31,NYC,0.0
2021-09-01,NYC,1.9316666666666666
2021-09-02,NYC,2.2916666666666665
2021-09-03,NYC,0.0
2021-09-04,NYC,0.0
2021-09-05,NYC,0.011428571428571429
2021-09-06,NYC,0.042857142857142864
2021-09-07,NYC,0.0
2021-09-08,NYC,0.0
2021-09-09,NYC,0.2357142857142857
2021-09-10,NYC,0.11714285714285715
2021-09-11,NYC,0.0014285714285714286
2021-09-12,NYC,0.0
2021-09-13,NYC,0.048571428571428564
2021-09-14,NYC,0.032857142857142856
2021-09-15,NYC,0.0
2021-09-16,NYC,0.005714285714285714
2021-09-17,NYC,0.005714285714285714
2021-09-18,NYC,0.018571428571428572
2021-09-19,NYC,0.0
2021-09-20,NYC,0.0
2021-09-21,NYC,0.017142857142857144
2021-09-22,NYC,0.01
2021-09-23,NYC,0.33571428571428574
2021-09-24,NYC,1.3142857142857143
2021-09-25,NYC,0.004285714285714286
2021-09-26,NYC,0.0
2021-09-27,NYC,0.0
2021-09-28,NYC,0.06142857142857144
2021-09-29,NYC,0.07571428571428572
2021-09-30,NYC,0.0
2021-10-01,NYC,0.0
2021-10-02,NYC,0.0
2021-10-03,NYC,0.0
2021-10-04,NYC,0.09999999999999999
2021-10-05,NYC,0.09285714285714286
2021-10-06,NYC,0.002857142857142857
2021-10-07,NYC,0.0
2021-10-08,NYC,0.0
2021-10-09,NYC,0.0
2021-10-10,NYC,0.09500000000000001
2021-10-11,NYC,0.045000000000000005
2021-10-12,NYC,0.0
2021-10-13,NYC,0.0
2021-10-14,NYC,0.0014285714285714286
2021-10-15,NYC,0.0
2021-10-16,NYC,0.09999999999999999
2021-10-17,NYC,0.13
2021-10-18,NYC,0.008333333333333333
2021-10-19,NYC,0.0
2021-10-20,NYC,0.0
2021-10-21,NYC,0.0
2021-10-22,NYC,0.0
2021-10-23,NYC,0.027142857142857142
2021-10-24,NYC,0.055714285714285716
2021-10-25,NYC,0.09285714285714286
2021-10-26,NYC,2.152857142857143
2021-10-27,NYC,1.5214285714285716
2021-10-28,NYC,0.005714285714285714
2021-10-29,NYC,0.18166666666666664
2021-10-30,NYC,0.32285714285714284
2021-10-31,NYC,0.11142857142857143
2021-11-01,NYC,0.002857142857142857
2021-11-02,NYC,0.0014285714285714286
2021-11-03,NYC,0.017142857142857144
2021-11-04,NYC,0.0014285714285714286
2021-11-05,NYC,0.0
2021-11-06,NYC,0.0
2021-11-07,NYC,0.0
2021-11-08,NYC,0.0
2021-11-09,NYC,0.0
2021-11-10,NYC,0.0
2021-11-11,NYC,0.0014285714285714286
2021-11-12,NYC,0.1514285714285714
2021-11-13,NYC,0.3628571428571429
2021-11-14,NYC,0.13285714285714287
2021-11-15,NYC,0.032857142857142856
2021-11-16,NYC,0.002857142857142857
2021-11-17,NYC,0.0
2021-11-18,NYC,0.024285714285714282
2021-11-19,NYC,0.1
2021-11-20,NYC,0.0014285714285714286
2021-11-21,NYC,0.0014285714285714286
2021-11-22,NYC,0.07142857142857142
2021-11-23,NYC,0.011428571428571429
2021-11-24,NYC,0.0
2021-11-25,NYC,0.0014285714285714286
2021-11-26,NYC,0.13
2021-11-27,NYC,0.018571428571428572
2021-11-28,NYC,0.0
2021-11-29,NYC,0.0014285714285714286
2021-11-30,NYC,0.0
2021-12-01,NYC,0.0014285714285714286
2021-12-02,NYC,0.025714285714285714
2021-12-03,NYC,0.005714285714285714
2021-12-04,NYC,0.0
2021-12-05,NYC,0.0
2021-12-06,NYC,0.32142857142857145
2021-12-07,NYC,0.04
2021-12-08,NYC,0.021428571428571432
2021-12-09,NYC,0.02
2021-12-10,NYC,0.0014285714285714286
2021-12-11,NYC,0.09333333333333334
2021-12-12,NYC,0.06333333333333334
2021-12-13,NYC,0.0014285714285714286
2021-12-14,NYC,0.0014285714285714286
2021-12-15,NYC,0.0
2021-12-16,NYC,0.0071428571428571435
2021-12-17,NYC,0.0
2021-12-18,NYC,0.04428571428571428
2021-12-19,NYC,0.06714285714285714
2021-12-20,NYC,0.0
2021-12-21,NYC,0.0014285714285714286
2021-12-22,NYC,0.12428571428571429
2021-12-23,NYC,0.002857142857142857
2021-12-24,NYC,0.02142857142857143
2021-12-25,NYC,0.08428571428571428
2021-12-26,NYC,0.07857142857142858
2021-12-27,NYC,0.023333333333333334
2021-12-28,NYC,0.075
2021-12-29,NYC,0.20333333333333334
2021-12-30,NYC,0.05333333333333334
2021-12-31,NYC,0.008333333333333333
2022-01-01,NYC,0.52
2022-01-02,NYC,0.5083333333333333
2022-01-03,NYC,0.005714285714285714
2022-01-04,NYC,0.0
2022-01-05,NYC,0.13799999999999998
2022-01-06,NYC,0.088
2022-01-07,NYC,0.3685714285714286
2022-01-08,NYC,0.0
2022-01-09,NYC,0.03571428571428571
2022-01-10,NYC,0.06571428571428571
2022-01-11,NYC,0.0
2022-01-12,NYC,0.0
2022-01-13,NYC,0.0
2022-01-14,NYC,0.0
2022-01-15,NYC,0.0
2022-01-16,NYC,0.18000000000000002
2022-01-17,NYC,1.2166666666666666
2022-01-18,NYC,0.0
2022-01-19,NYC,0.0
2022-01-20,NYC,0.19999999999999998
2022-01-21,NYC,0.06428571428571428
2022-01-22,NYC,0.0
2022-01-23,NYC,0.002857142857142857
2022-01-24,NYC,0.0071428571428571435
2022-01-25,NYC,0.002857142857142857
2022-01-26,NYC,0.0
2022-01-27,NYC,0.0
2022-01-28,NYC,0.03571428571428571
2022-01-29,NYC,0.49399999999999994
2022-01-30,NYC,0.0325
2022-01-31,NYC,0.0
2022-02-01,NYC,0.0
2022-02-02,NYC,0.0
2022-02-03,NYC,0.13714285714285715
2022-02-04,NYC,0.5642857142857143
2022-02-05,NYC,0.25857142857142856
2022-02-06,NYC,0.0
2022-02-07,NYC,0.09833333333333334
2022-02-08,NYC,0.235
2022-02-09,NYC,0.0
2022-02-10,NYC,0.0
2022-02-11,NYC,0.0
2022-02-12,NYC,0.0
2022-02-13,NYC,0.165
2022-02-14,NYC,0.015
2022-02-15,NYC,0.0
2022-02-16,NYC,0.0
2022-02-17,NYC,0.10857142857142857
2022-02-18,NYC,0.5328571428571428
2022-02-19,NYC,0.0
2022-02-20,NYC,0.004285714285714286
2022-02-21,NYC,0.0
2022-02-22,NYC,0.07857142857142858
2022-02-23,NYC,0.16999999999999998
2022-02-24,NYC,0.0
2022-02-25,NYC,0.5757142857142857
2022-02-26,NYC,0.14142857142857143
2022-02-27,NYC,0.0
2022-02-28,NYC,0.0
2022-03-01,NYC,0.0
2022-03-02,NYC,0.0
2022-03-03,NYC,0.04666666666666667
2022-03-04,NYC,0.0
2022-03-05,NYC,0.0
2022-03-06,NYC,0.02
2022-03-07,NYC,0.05285714285714286
2022-03-08,NYC,0.045714285714285714
2022-03-09,NYC,0.22571428571428573
2022-03-10,NYC,0.33999999999999997
2022-03-11,NYC,0.002857142857142857
2022-03-12,NYC,0.23
2022-03-13,NYC,0.24333333333333332
2022-03-14,NYC,0.002857142857142857
2022-03-15,NYC,0.0
2022-03-16,NYC,0.0
2022-03-17,NYC,0.039999999999999994
2022-03-18,NYC,0.05800000000000001
2022-03-19,NYC,0.074
2022-03-20,NYC,0.098
2022-03-21,NYC,0.0
2022-03-22,NYC,0.0
2022-03-23,NYC,0.023333333333333334
2022-03-24,NYC,0.7233333333333333
2022-03-25,NYC,0.3283333333333333
2022-03-26,NYC,0.0033333333333333335
2022-03-27,NYC,0.024285714285714282
2022-03-28,NYC,0.0
2022-03-29,NYC,0.0
2022-03-30,NYC,0.0
2022-03-31,NYC,0.02
2022-04-01,NYC,0.3085714285714286
2022-04-02,NYC,0.005714285714285714
2022-04-03,NYC,0.032857142857142856
2022-04-04,NYC,0.06999999999999999
2022-04-05,NYC,0.018333333333333333
2022-04-06,NYC,0.35714285714285715
2022-04-07,NYC,0.35285714285714287
2022-04-08,NYC,0.6333333333333333
2022-04-09,NYC,0.023333333333333334
2022-04-10,NYC,0.024999999999999998
2022-04-11,NYC,0.0
2022-04-12,NYC,0.018333333333333337
2022-04-13,NYC,0.022857142857142857
2022-04-14,NYC,0.02
2022-04-15,NYC,0.07142857142857142
2022-04-16,NYC,0.04857142857142858
2022-04-17,NYC,0.08571428571428572
2022-04-18,NYC,0.35857142857142854
2022-04-19,NYC,1.2457142857142858
2022-04-20,NYC,0.0
2022-04-21,NYC,0.0
2022-04-22,NYC,0.0
2022-04-23,NYC,0.0
2022-04-24,NYC,0.0014285714285714286
2022-04-25,NYC,0.0
2022-04-26,NYC,0.012857142857142857
2022-04-27,NYC,0.03142857142857143
2022-04-28,NYC,0.0
2022-04-29,NYC,0.0
2022-04-30,NYC,0.0
2022-05-01,NYC,0.0
2022-05-02,NYC,0.2542857142857143
2022-05-03,NYC,0.039999999999999994
2022-05-04,NYC,0.05142857142857143
2022-05-05,NYC,0.017142857142857144
2022-05-06,NYC,0.26142857142857145
2022-05-07,NYC,0.9114285714285716
2022-05-08,NYC,0.41285714285714287
2022-05-09,NYC,0.0014285714285714286
2022-05-10,NYC,0.0
2022-05-11,NYC,0.0
2022-05-12,NYC,0.0
2022-05-13,NYC,0.01
2022-05-14,NYC,0.07428571428571429
2022-05-15,NYC,0.10428571428571429
2022-05-16,NYC,0.03571428571428571
2022-05-17,NYC,0.05714285714285715
2022-05-18,NYC,0.0014285714285714286
2022-05-19,NYC,0.7614285714285715
2022-05-20,NYC,0.215
2022-05-21,NYC,0.17833333333333334
2022-05-22,NYC,0.0
2022-05-23,NYC,0.021666666666666667
2022-05-24,NYC,0.0
2022-05-25,NYC,0.0
2022-05-26,NYC,0.0014285714285714286
2022-05-27,NYC,0.06571428571428571
2022-05-28,NYC,0.34428571428571425
2022-05-29,NYC,0.21857142857142858
2022-05-30,NYC,0.0
2022-05-31,NYC,0.0
2022-06-01,NYC,0.3942857142857143
2022-06-02,NYC,0.7357142857142858
2022-06-03,NYC,0.2885714285714286
2022-06-04,NYC,0.0014285714285714286
2022-06-05,NYC,0.0
2022-06-06,NYC,0.0
2022-06-07,NYC,0.02
2022-06-08,NYC,0.09428571428571429
2022-06-09,NYC,0.6628571428571428
2022-06-10,NYC,0.0
2022-06-11,NYC,0.0
2022-06-12,NYC,0.037142857142857144
2022-06-13,NYC,0.19285714285714287
2022-06-14,NYC,0.0014285714285714286
2022-06-15,NYC,0.0
2022-06-16,NYC,0.15
2022-06-17,NYC,0.05833333333333334
2022-06-18,NYC,0.005
2022-06-19,NYC,0.0
2022-06-20,NYC,0.0
2022-06-21,NYC,0.013333333333333334
2022-06-22,NYC,0.15666666666666668
2022-06-23,NYC,0.09666666666666668
2022-06-24,NYC,0.024999999999999998
2022-06-25,NYC,0.0
2022-06-26,NYC,0.0
2022-06-27,NYC,0.27499999999999997
2022-06-28,NYC,0.3183333333333333
2022-06-29,NYC,0.0
2022-06-30,NYC,0.0
2022-07-01,NYC,0.0
2022-07-02,NYC,0.032
2022-07-03,NYC,0.008571428571428572
2022-07-04,NYC,0.0
2022-07-05,NYC,0.015714285714285712
2022-07-06,NYC,0.027142857142857142
2022-07-07,NYC,0.0014285714285714286
2022-07-08,NYC,0.07142857142857142
2022-07-09,NYC,0.0016666666666666668
2022-07-10,NYC,0.0
2022-07-11,NYC,0.0
2022-07-12,NYC,0.0
2022-07-13,NYC,0.0
2022-07-14,NYC,0.0014285714285714286
2022-07-15,NYC,0.037142857142857144
2022-07-16,NYC,0.18833333333333335
2022-07-17,NYC,0.15833333333333335
2022-07-18,NYC,0.38333333333333336
2022-07-19,NYC,0.8116666666666666
2022-07-20,NYC,0.0
2022-07-21,NYC,0.065
2022-07-22,NYC,0.2366666666666667
2022-07-23,NYC,0.0016666666666666668
2022-07-24,NYC,0.0
2022-07-25,NYC,0.225
2022-07-26,NYC,0.07166666666666667
2022-07-27,NYC,0.0
2022-07-28,NYC,0.15166666666666667
2022-07-29,NYC,0.016666666666666666
2022-07-30,NYC,0.008333333333333333
2022-07-31,NYC,0.0
2022-08-01,NYC,0.3133333333333333
2022-08-02,NYC,0.022857142857142857
2022-08-03,NYC,0.0
2022-08-04,NYC,0.0
2022-08-05,NYC,0.0
2022-08-06,NYC,0.0
2022-08-07,NYC,0.028333333333333335
2022-08-08,NYC,0.0
2022-08-09,NYC,0.04
2022-08-10,NYC,0.07166666666666667
2022-08-11,NYC,0.10333333333333333
2022-08-12,NYC,0.04
2022-08-13,NYC,0.0
2022-08-14,NYC,0.0
2022-08-15,NYC,0.0
2022-08-16,NYC,0.0
2022-08-17,NYC,0.06714285714285714
2022-08-18,NYC,0.03142857142857143
2022-08-19,NYC,0.0
2022-08-20,NYC,0.0
2022-08-21,NYC,0.03428571428571429
2022-08-22,NYC,0.037142857142857144
2022-08-23,NYC,0.09428571428571429
2022-08-24,NYC,0.0
2022-08-25,NYC,0.0
2022-08-26,NYC,0.043333333333333335
2022-08-27,NYC,0.06571428571428571
2022-08-28,NYC,0.0
2022-08-29,NYC,0.0
2022-08-30,NYC,0.04833333333333333
2022-08-31,NYC,0.06166666666666667
2022-09-01,NYC,0.0
2022-09-02,NYC,0.0
2022-09-03,NYC,0.0
2022-09-04,NYC,0.004285714285714286
2022-09-05,NYC,0.011428571428571429
2022-09-06,NYC,0.5542857142857143
2022-09-07,NYC,0.2871428571428572
2022-09-08,NYC,0.002857142857142857
2022-09-09,NYC,0.0
2022-09-10,NYC,0.0
2022-09-11,NYC,0.09142857142857143
2022-09-12,NYC,0.31857142857142856
2022-09-13,NYC,0.41571428571428576
2022-09-14,NYC,0.015714285714285715
2022-09-15,NYC,0.0
2022-09-16,NYC,0.0
2022-09-17,NYC,0.0
2022-09-18,NYC,0.0
2022-09-19,NYC,0.025714285714285717
2022-09-20,NYC,0.06285714285714286
2022-09-21,NYC,0.0
2022-09-22,NYC,0.19142857142857142
2022-09-23,NYC,0.2557142857142857
2022-09-24,NYC,0.0014285714285714286
2022-09-25,NYC,0.2885714285714286
2022-09-26,NYC,0.22
2022-09-27,NYC,0.005714285714285714
2022-09-28,NYC,0.0
2022-09-29,NYC,0.0
2022-09-30,NYC,0.0
2022-10-01,NYC,0.5233333333333333
2022-10-02,NYC,0.08
2022-10-03,NYC,0.35333333333333333
2022-10-04,NYC,1.5385714285714285
2022-10-05,NYC,0.48571428571428577
2022-10-06,NYC,0.24
2022-10-07,NYC,0.0
2022-10-08,NYC,0.05714285714285715
2022-10-09,NYC,0.0
2022-10-10,NYC,0.0
2022-10-11,NYC,0.0014285714285714286
2022-10-12,NYC,0.0
2022-10-13,NYC,0.43571428571428567
2022-10-14,NYC,0.9542857142857143
2022-10-15,NYC,0.0
2022-10-16,NYC,0.0
2022-10-17,NYC,0.13285714285714287
2022-10-18,NYC,0.14142857142857143
2022-10-19,NYC,0.0
2022-10-20,NYC,0.0
2022-10-21,NYC,0.0
2022-10-22,NYC,0.0
2022-10-23,NYC,0.008571428571428572
2022-10-24,NYC,0.25
2022-10-25,NYC,0.14714285714285716
2022-10-26,NYC,0.004285714285714286
2022-10-27,NYC,0.002857142857142857
2022-10-28,NYC,0.0
2022-10-29,NYC,0.0
2022-10-30,NYC,0.0
2022-10-31,NYC,0.03142857142857143
2022-11-01,NYC,0.22428571428571428
2022-11-02,NYC,0.006666666666666667
2022-11-03,NYC,0.0
2022-11-04,NYC,0.002857142857142857
2022-11-05,NYC,0.0
2022-11-06,NYC,0.0014285714285714286
2022-11-07,NYC,0.0
2022-11-08,NYC,0.0
2022-11-09,NYC,0.0
2022-11-10,NYC,0.0
2022-11-11,NYC,0.26142857142857145
2022-11-12,NYC,0.5457142857142857
2022-11-13,NYC,0.07142857142857142
2022-11-14,NYC,0.03428571428571429
2022-11-15,NYC,0.18857142857142858
2022-11-16,NYC,0.5014285714285714
2022-11-17,NYC,0.0
2022-11-18,NYC,0.0014285714285714286
2022-11-19,NYC,0.002857142857142857
2022-11-20,NYC,0.0
2022-11-21,NYC,0.0
2022-11-22,NYC,0.0
2022-11-23,NYC,0.0
2022-11-24,NYC,0.0
2022-11-25,NYC,0.014285714285714287
2022-11-26,NYC,0.025714285714285714
2022-11-27,NYC,0.2557142857142857
2022-11-28,NYC,0.32285714285714284
2022-11-29,NYC,0.0014285714285714286
2022-11-30,NYC,0.17285714285714285
2022-12-01,NYC,0.34142857142857147
2022-12-02,NYC,0.0014285714285714286
2022-12-03,NYC,0.15571428571428572
2022-12-04,NYC,0.20857142857142857
2022-12-05,NYC,0.0
2022-12-06,NYC,0.26571428571428574
2022-12-07,NYC,0.8628571428571429
2022-12-08,NYC,0.04285714285714286
2022-12-09,NYC,0.0014285714285714286
2022-12-10,NYC,0.0
2022-12-11,NYC,0.07142857142857142
2022-12-12,NYC,0.04714285714285714
2022-12-13,NYC,0.0
2022-12-14,NYC,0.0
2022-12-15,NYC,0.21428571428571427
2022-12-16,NYC,0.79
2022-12-17,NYC,0.15833333333333333
2022-12-18,NYC,0.0014285714285714286
2022-12-19,NYC,0.0
2022-12-20,NYC,0.0
2022-12-21,NYC,0.0
2022-12-22,NYC,0.07333333333333335
2022-12-23,NYC,0.7333333333333334
2022-12-24,NYC,0.07571428571428572
2022-12-25,NYC,0.0
2022-12-26,NYC,0.0
2022-12-27,NYC,0.0
2022-12-28,NYC,0.0
2022-12-29,NYC,0.0
2022-12-30,NYC,0.0
2022-12-31,NYC,0.1242857142857143
2023-01-01,NYC,0.2057142857142857
2023-01-02,NYC,0.008571428571428572
2023-01-03,NYC,0.16428571428571428
2023-01-04,NYC,0.18166666666666667
2023-01-05,NYC,0.07714285714285715
2023-01-06,NYC,0.18833333333333335
2023-01-07,NYC,0.028333333333333335
2023-01-08,NYC,0.0
2023-01-09,NYC,0.015714285714285715
2023-01-10,NYC,0.0
2023-01-11,NYC,0.0
2023-01-12,NYC,0.10571428571428572
2023-01-13,NYC,0.21
2023-01-14,NYC,0.013333333333333334
2023-01-15,NYC,0.0
2023-01-16,NYC,0.0
2023-01-17,NYC,0.0
2023-01-18,NYC,0.015
2023-01-19,NYC,0.35571428571428576
2023-01-20,NYC,0.6071428571428571
2023-01-21,NYC,0.004285714285714286
2023-01-22,NYC,0.1842857142857143
2023-01-23,NYC,0.5071428571428571
2023-01-24,NYC,0.07428571428571429
2023-01-25,NYC,0.4028571428571429
2023-01-26,NYC,0.9685714285714286
2023-01-27,NYC,0.002857142857142857
2023-01-28,NYC,0.005714285714285714
2023-01-29,NYC,0.0
2023-01-30,NYC,0.0
2023-01-31,NYC,0.024285714285714282
2023-02-01,NYC,0.02666666666666667
2023-02-02,NYC,0.0
2023-02-03,NYC,0.0
2023-02-04,NYC,0.0
2023-02-05,NYC,0.0
2023-02-06,NYC,0.0
2023-02-07,NYC,0.01
2023-02-08,NYC,0.041666666666666664
2023-02-09,NYC,0.0014285714285714286
2023-02-10,NYC,0.0
2023-02-11,NYC,0.0
2023-02-12,NYC,0.025714285714285717
2023-02-13,NYC,0.032857142857142856
2023-02-14,NYC,0.0
2023-02-15,NYC,0.0
2023-02-16,NYC,0.02428571428571429
2023-02-17,NYC,0.16428571428571428
2023-02-18,NYC,0.16714285714285712
2023-02-19,NYC,0.0014285714285714286
2023-02-20,NYC,0.002857142857142857
2023-02-21,NYC,0.12285714285714286
2023-02-22,NYC,0.08
2023-02-23,NYC,0.11714285714285713
2023-02-24,NYC,0.032857142857142856
2023-02-25,NYC,0.0
2023-02-26,NYC,0.005
2023-02-27,NYC,0.09833333333333333
2023-02-28,NYC,0.40499999999999997
2023-03-01,NYC,0.023333333333333334
2023-03-02,NYC,0.018571428571428572
2023-03-03,NYC,0.038571428571428576
2023-03-04,NYC,0.8971428571428571
2023-03-05,NYC,0.002857142857142857
2023-03-06,NYC,0.0
2023-03-07,NYC,0.04
2023-03-08,NYC,0.0071428571428571435
2023-03-09,NYC,0.0
2023-03-10,NYC,0.10428571428571429
2023-03-11,NYC,0.5142857142857143
2023-03-12,NYC,0.02
2023-03-13,NYC,0.26571428571428574
2023-03-14,NYC,0.7299999999999999
2023-03-15,NYC,0.09285714285714286
2023-03-16,NYC,0.002857142857142857
2023-03-17,NYC,0.0
2023-03-18,NYC,0.018571428571428572
2023-03-19,NYC,0.0
2023-03-20,NYC,0.0
2023-03-21,NYC,0.0
2023-03-22,NYC,0.0
2023-03-23,NYC,0.028333333333333332
2023-03-24,NYC,0.07428571428571429
2023-03-25,NYC,0.045714285714285714
2023-03-26,NYC,0.09999999999999999
2023-03-27,NYC,0.09333333333333332
2023-03-28,NYC,0.12571428571428572
2023-03-29,NYC,0.011428571428571429
2023-03-30,NYC,0.01
2023-03-31,NYC,0.0
2023-04-01,NYC,0.19499999999999998
2023-04-02,NYC,0.16166666666666665
2023-04-03,NYC,0.0014285714285714286
2023-04-04,NYC,0.0
2023-04-05,NYC,0.0014285714285714286
2023-04-06,NYC,0.014285714285714287
2023-04-07,NYC,0.04285714285714286
2023-04-08,NYC,0.0014285714285714286
2023-04-09,NYC,0.0
2023-04-10,NYC,0.0
2023-04-11,NYC,0.0
2023-04-12,NYC,0.0
2023-04-13,NYC,0.0
2023-04-14,NYC,0.0
2023-04-15,NYC,0.008
2023-04-16,NYC,0.02
2023-04-17,NYC,0.011428571428571429
2023-04-18,NYC,0.005714285714285714
2023-04-19,NYC,0.0
2023-04-20,NYC,0.0
2023-04-21,NYC,0.0
2023-04-22,NYC,0.24285714285714288
2023-04-23,NYC,1.3171428571428572
2023-04-24,NYC,0.15142857142857144
2023-04-25,NYC,0.0
2023-04-26,NYC,0.0
2023-04-27,NYC,0.008571428571428572
2023-04-28,NYC,0.11571428571428573
2023-04-29,NYC,1.5185714285714287
2023-04-30,NYC,1.1400000000000001
2023-05-01,NYC,0.7471428571428572
2023-05-02,NYC,0.09714285714285716
2023-05-03,NYC,0.09285714285714286
2023-05-04,NYC,0.09571428571428572
2023-05-05,NYC,0.037142857142857144
2023-05-06,NYC,0.0014285714285714286
2023-05-07,NYC,0.004285714285714286
2023-05-08,NYC,0.018571428571428572
2023-05-09,NYC,0.0
2023-05-10,NYC,0.0
2023-05-11,NYC,0.0
2023-05-12,NYC,0.0
2023-05-13,NYC,0.0
2023-05-14,NYC,0.0
2023-05-15,NYC,0.0
2023-05-16,NYC,0.0
2023-05-17,NYC,0.0
2023-05-18,NYC,0.0
2023-05-19,NYC,0.0
2023-05-20,NYC,0.6466666666666666
2023-05-21,NYC,0.8242857142857142
2023-05-22,NYC,0.0
2023-05-23,NYC,0.0
2023-05-24,NYC,0.015
2023-05-25,NYC,0.017142857142857144
2023-05-26,NYC,0.0
2023-05-27,NYC,0.0
2023-05-28,NYC,0.0
2023-05-29,NYC,0.0
2023-05-30,NYC,0.0
2023-05-31,NYC,0.0
2023-06-01,NYC,0.0
2023-06-02,NYC,0.043333333333333335
2023-06-03,NYC,0.0
2023-06-04,NYC,0.0
2023-06-05,NYC,0.0
2023-06-06,NYC,0.04666666666666667
2023-06-07,NYC,0.055
2023-06-08,NYC,0.0
2023-06-09,NYC,0.01
2023-06-10,NYC,0.025000000000000005
2023-06-11,NYC,0.024285714285714282
2023-06-12,NYC,0.11714285714285715
2023-06-13,NYC,0.16142857142857142
2023-06-14,NYC,0.08
2023-06-15,NYC,0.16999999999999998
2023-06-16,NYC,0.10000000000000002
2023-06-17,NYC,0.13833333333333334
2023-06-18,NYC,0.04833333333333334
2023-06-19,NYC,0.0
2023-06-20,NYC,0.0
2023-06-21,NYC,0.0
2023-06-22,NYC,0.01
2023-06-23,NYC,0.015714285714285715
2023-06-24,NYC,0.12714285714285714
2023-06-25,NYC,0.038571428571428576
2023-06-26,NYC,0.1357142857142857
2023-06-27,NYC,0.19999999999999998
2023-06-28,NYC,0.11142857142857143
2023-06-29,NYC,0.10714285714285714
2023-06-30,NYC,0.002857142857142857
2023-07-01,NYC,0.0
2023-07-02,NYC,0.29714285714285715
2023-07-03,NYC,0.17142857142857143
2023-07-04,NYC,0.2057142857142857
2023-07-05,NYC,0.002857142857142857
2023-07-06,NYC,0.0
2023-07-07,NYC,0.0
2023-07-08,NYC,0.0
2023-07-09,NYC,0.25285714285714284
2023-07-10,NYC,0.5014285714285714
2023-07-11,NYC,0.0
2023-07-12,NYC,0.0
2023-07-13,NYC,0.0
2023-07-14,NYC,0.09142857142857141
2023-07-15,NYC,0.12285714285714286
2023-07-16,NYC,0.9614285714285715
2023-07-17,NYC,0.22
2023-07-18,NYC,0.33285714285714285
2023-07-19,NYC,0.4785714285714286
2023-07-20,NYC,0.06142857142857143
2023-07-21,NYC,0.12714285714285714
2023-07-22,NYC,0.022857142857142857
2023-07-23,NYC,0.0
2023-07-24,NYC,0.0
2023-07-25,NYC,0.11714285714285715
2023-07-26,NYC,0.19999999999999998
2023-07-27,NYC,0.055714285714285716
2023-07-28,NYC,0.044
2023-07-29,NYC,0.242
2023-07-30,NYC,0.184
2023-07-31,NYC,0.0
2023-08-01,NYC,0.002857142857142857
2023-08-02,NYC,0.0
2023-08-03,NYC,0.0
2023-08-04,NYC,0.0
2023-08-05,NYC,0.014285714285714287
2023-08-06,NYC,0.0
2023-08-07,NYC,0.6142857142857142
2023-08-08,NYC,0.13999999999999999
2023-08-09,NYC,0.0
2023-08-10,NYC,0.19142857142857145
2023-08-11,NYC,0.16714285714285712
2023-08-12,NYC,0.024999999999999998
2023-08-13,NYC,0.8449999999999999
2023-08-14,NYC,0.002857142857142857
2023-08-15,NYC,0.51
2023-08-16,NYC,0.5871428571428572
2023-08-17,NYC,0.014285714285714287
2023-08-18,NYC,0.4042857142857143
2023-08-19,NYC,0.011428571428571429
2023-08-20,NYC,0.0
2023-08-21,NYC,0.0
2023-08-22,NYC,0.0
2023-08-23,NYC,0.0
2023-08-24,NYC,0.02666666666666667
2023-08-25,NYC,0.46166666666666667
2023-08-26,NYC,0.33142857142857146
2023-08-27,NYC,0.33
2023-08-28,NYC,0.0
2023-08-29,NYC,0.0
2023-08-30,NYC,0.08571428571428573
2023-08-31,NYC,0.13142857142857142
2023-09-01,NYC,0.0
2023-09-02,NYC,0.0
2023-09-03,NYC,0.0
2023-09-04,NYC,0.0
2023-09-05,NYC,0.0
2023-09-06,NYC,0.0
2023-09-07,NYC,0.0
2023-09-08,NYC,0.03142857142857143
2023-09-09,NYC,0.031428571428571424
2023-09-10,NYC,0.4742857142857143
2023-09-11,NYC,0.83
2023-09-12,NYC,0.10142857142857142
2023-09-13,NYC,0.08142857142857142
2023-09-14,NYC,0.10714285714285714
2023-09-15,NYC,0.0
2023-09-16,NYC,0.0
2023-09-17,NYC,0.03
2023-09-18,NYC,0.6071428571428571
2023-09-19,NYC,0.49142857142857144
2023-09-20,NYC,0.0
2023-09-21,NYC,0.0
2023-09-22,NYC,0.0
2023-09-23,NYC,0.3628571428571429
2023-09-24,NYC,0.7700000000000001
2023-09-25,NYC,0.5557142857142857
2023-09-26,NYC,0.22428571428571428
2023-09-27,NYC,0.03428571428571429
2023-09-28,NYC,0.16285714285714287
2023-09-29,NYC,3.1914285714285713
2023-09-30,NYC,2.1757142857142857
2023-10-01,NYC,0.055714285714285716
2023-10-02,NYC,0.0
2023-10-03,NYC,0.0
2023-10-04,NYC,0.0
2023-10-05,NYC,0.0
2023-10-06,NYC,0.022857142857142857
2023-10-07,NYC,0.4957142857142857
2023-10-08,NYC,0.7028571428571428
2023-10-09,NYC,0.0014285714285714286
2023-10-10,NYC,0.002857142857142857
2023-10-11,NYC,0.0014285714285714286
2023-10-12,NYC,0.0
2023-10-13,NYC,0.0
2023-10-14,NYC,0.3416666666666666
2023-10-15,NYC,0.395
2023-10-16,NYC,0.0016666666666666668
2023-10-17,NYC,0.0014285714285714286
2023-10-18,NYC,0.0
2023-10-19,NYC,0.0
2023-10-20,NYC,0.2871428571428571
2023-10-21,NYC,0.4428571428571429
2023-10-22,NYC,0.24
2023-10-23,NYC,0.0
2023-10-24,NYC,0.0014285714285714286
2023-10-25,NYC,0.0
2023-10-26,NYC,0.0
2023-10-27,NYC,0.0
2023-10-28,NYC,0.0
2023-10-29,NYC,0.11857142857142856
2023-10-30,NYC,0.5442857142857143
2023-10-31,NYC,0.027142857142857142
2023-11-01,NYC,0.05142857142857143
2023-11-02,NYC,0.0071428571428571435
2023-11-03,NYC,0.0
2023-11-04,NYC,0.0
2023-11-05,NYC,0.002857142857142857
2023-11-06,NYC,0.0
2023-11-07,NYC,0.06142857142857143
2023-11-08,NYC,0.0
2023-11-09,NYC,0.0
2023-11-10,NYC,0.0
2023-11-11,NYC,0.0
2023-11-12,NYC,0.0
2023-11-13,NYC,0.0
2023-11-14,NYC,0.0
2023-11-15,NYC,0.0
2023-11-16,NYC,0.0
2023-11-17,NYC,0.0014285714285714286
2023-11-18,NYC,0.005
2023-11-19,NYC,0.0
2023-11-20,NYC,0.0
2023-11-21,NYC,0.19285714285714287
2023-11-22,NYC,1.3685714285714285
2023-11-23,NYC,0.002857142857142857
2023-11-24,NYC,0.0
2023-11-25,NYC,0.0
2023-11-26,NYC,0.11142857142857143
2023-11-27,NYC,0.2814285714285714
2023-11-28,NYC,0.0
2023-11-29,NYC,0.0
2023-11-30,NYC,0.0
2023-12-01,NYC,0.19285714285714287
2023-12-02,NYC,0.27571428571428575
2023-12-03,NYC,0.33999999999999997
2023-12-04,NYC,0.2333333333333333
2023-12-05,NYC,0.0014285714285714286
2023-12-06,NYC,0.0
2023-12-07,NYC,0.0014285714285714286
2023-12-08,NYC,0.0
2023-12-09,NYC,0.0
2023-12-10,NYC,0.9585714285714285
2023-12-11,NYC,2.0785714285714287
2023-12-12,NYC,0.0071428571428571435
2023-12-13,NYC,0.0014285714285714286
2023-12-14,NYC,0.0
2023-12-15,NYC,0.0
2023-12-16,NYC,0.0
2023-12-17,NYC,0.06285714285714286
2023-12-18,NYC,1.5671428571428572
2023-12-19,NYC,0.2785714285714286
2023-12-20,NYC,0.0
2023-12-21,NYC,0.0
2023-12-22,NYC,0.0
2023-12-23,NYC,0.0
2023-12-24,NYC,0.022857142857142857
2023-12-25,NYC,0.0014285714285714286
2023-12-26,NYC,0.002857142857142857
2023-12-27,NYC,0.08571428571428572
2023-12-28,NYC,1.7785714285714285
2023-12-29,NYC,0.07857142857142858
2023-12-30,NYC,0.0014285714285714286
2023-12-31,NYC,0.0
